group,exam,time,finished,makespan,expand_number,generated_number,depth,PetriType,SetType,Heuristic,dominance_pruned,dominance_pop_pruned,ub_pruned
1,1,300,False,0,1192976,21582773,0,TT,j90,LBCS_DP,0,0,0,0
1,2,300,False,0,1348018,20043027,0,TT,j90,LBCS_DP,0,0,0,0
1,3,300,False,0,1185154,20701665,0,TT,j90,LBCS_DP,0,0,0,0
1,4,300,False,0,1342656,24591972,0,TT,j90,LBCS_DP,0,0,0,0
1,5,300,False,0,1839773,24221170,0,TT,j90,LBCS_DP,0,0,0,0
1,6,300,False,0,1420633,22941180,0,TT,j90,LBCS_DP,0,0,0,0
1,7,300,False,0,1669719,27056976,0,TT,j90,LBCS_DP,0,0,0,0
1,8,300,False,0,1266014,23417115,0,TT,j90,LBCS_DP,0,0,0,0
1,9,300,False,0,1141412,21294265,0,TT,j90,LBCS_DP,0,0,0,0
1,10,300,False,0,1567955,23476473,0,TT,j90,LBCS_DP,0,0,0,0
2,1,300,False,0,1498136,25673750,0,TT,j90,LBCS_DP,0,0,0,0
2,2,300,False,0,2229034,27537782,0,TT,j90,LBCS_DP,0,0,0,0
2,3,300,False,0,1907662,23054016,0,TT,j90,LBCS_DP,0,0,0,0
2,4,300,False,0,2040450,29358533,0,TT,j90,LBCS_DP,0,0,0,0
2,5,21.7953,True,100,123597,1605387,93,TT,j90,LBCS_DP,0,0,0,0
2,6,300,False,0,2735065,35259099,0,TT,j90,LBCS_DP,0,0,0,0
2,7,300,False,0,1871189,27662873,0,TT,j90,LBCS_DP,0,0,0,0
2,8,244.556,True,82,5558969,40090406,93,TT,j90,LBCS_DP,0,0,0,0
2,9,300.534,False,0,1493299,21760038,0,TT,j90,LBCS_DP,0,0,0,0
2,10,300,False,0,2549528,31641924,0,TT,j90,LBCS_DP,0,0,0,0
3,1,300,False,0,1729536,23017383,0,TT,j90,LBCS_DP,0,0,0,0
3,2,300,False,0,1820402,26143362,0,TT,j90,LBCS_DP,0,0,0,0
3,3,300,False,0,1506120,20971530,0,TT,j90,LBCS_DP,0,0,0,0
3,4,300,False,0,2991620,30707167,0,TT,j90,LBCS_DP,0,0,0,0
3,5,300,False,0,3018984,30818633,0,TT,j90,LBCS_DP,0,0,0,0
3,6,300,False,0,2904099,36872167,0,TT,j90,LBCS_DP,0,0,0,0
3,7,300,False,0,1596504,22952115,0,TT,j90,LBCS_DP,0,0,0,0
3,8,300,False,0,1694561,24486476,0,TT,j90,LBCS_DP,0,0,0,0
3,9,300,False,0,1835394,28990122,0,TT,j90,LBCS_DP,0,0,0,0
3,10,300,False,0,1704895,25456371,0,TT,j90,LBCS_DP,0,0,0,0
4,1,300,False,0,1740298,24523249,0,TT,j90,LBCS_DP,0,0,0,0
4,2,300,False,0,2056118,24296420,0,TT,j90,LBCS_DP,0,0,0,0
4,3,300,False,0,2599551,32633195,0,TT,j90,LBCS_DP,0,0,0,0
4,4,300,False,0,3420704,35356778,0,TT,j90,LBCS_DP,0,0,0,0
4,5,265.597,True,88,1643995,20865586,93,TT,j90,LBCS_DP,0,0,0,0
4,6,300,False,0,1445635,26814820,0,TT,j90,LBCS_DP,0,0,0,0
4,7,300,False,0,4604688,47090389,0,TT,j90,LBCS_DP,0,0,0,0
4,8,300,False,0,1509430,25009128,0,TT,j90,LBCS_DP,0,0,0,0
4,9,1.22279,True,79,13300,160522,93,TT,j90,LBCS_DP,0,0,0,0
4,10,300,False,0,2121965,32407848,0,TT,j90,LBCS_DP,0,0,0,0
5,1,300,False,0,1122983,19105451,0,TT,j90,LBCS_DP,0,0,0,0
5,2,300,False,0,1176403,19937941,0,TT,j90,LBCS_DP,0,0,0,0
5,3,300,False,0,1247113,22168645,0,TT,j90,LBCS_DP,0,0,0,0
5,4,300,False,0,1319566,23044185,0,TT,j90,LBCS_DP,0,0,0,0
5,5,300,False,0,1373320,23622574,0,TT,j90,LBCS_DP,0,0,0,0
5,6,300,False,0,1278433,21572837,0,TT,j90,LBCS_DP,0,0,0,0
5,7,300,False,0,1275139,19347565,0,TT,j90,LBCS_DP,0,0,0,0
5,8,300,False,0,1353427,22073246,0,TT,j90,LBCS_DP,0,0,0,0
5,9,300,False,0,1276885,16950423,0,TT,j90,LBCS_DP,0,0,0,0
5,10,300,False,0,1580979,26265152,0,TT,j90,LBCS_DP,0,0,0,0
6,1,300,False,0,1869601,21560370,0,TT,j90,LBCS_DP,0,0,0,0
6,2,300,False,0,1399114,21276716,0,TT,j90,LBCS_DP,0,0,0,0
6,3,300,False,0,1191692,20891749,0,TT,j90,LBCS_DP,0,0,0,0
6,4,300,False,0,1258304,19670825,0,TT,j90,LBCS_DP,0,0,0,0
6,5,300,False,0,1271407,22443678,0,TT,j90,LBCS_DP,0,0,0,0
6,6,300,False,0,1361560,21461337,0,TT,j90,LBCS_DP,0,0,0,0
6,7,300,False,0,2219299,27505711,0,TT,j90,LBCS_DP,0,0,0,0
6,8,300,False,0,1557871,22136920,0,TT,j90,LBCS_DP,0,0,0,0
6,9,300,False,0,2815057,35746704,0,TT,j90,LBCS_DP,0,0,0,0
6,10,300,False,0,2303846,28875672,0,TT,j90,LBCS_DP,0,0,0,0
7,1,300,False,0,1554062,23095000,0,TT,j90,LBCS_DP,0,0,0,0
7,2,304.33,False,0,1220120,21979347,0,TT,j90,LBCS_DP,0,0,0,0
7,3,301.363,False,0,3206351,32982945,0,TT,j90,LBCS_DP,0,0,0,0
7,4,300,False,0,3346911,29705159,0,TT,j90,LBCS_DP,0,0,0,0
7,5,300,False,0,1509718,22970854,0,TT,j90,LBCS_DP,0,0,0,0
7,6,300,False,0,1422830,20045337,0,TT,j90,LBCS_DP,0,0,0,0
7,7,300,False,0,1866187,26640847,0,TT,j90,LBCS_DP,0,0,0,0
7,8,300,False,0,1704839,23481673,0,TT,j90,LBCS_DP,0,0,0,0
7,9,300,False,0,1681281,22553363,0,TT,j90,LBCS_DP,0,0,0,0
7,10,300,False,0,1475921,19282439,0,TT,j90,LBCS_DP,0,0,0,0
8,1,300,False,0,3055679,30696510,0,TT,j90,LBCS_DP,0,0,0,0
8,2,300,False,0,2232549,26073407,0,TT,j90,LBCS_DP,0,0,0,0
8,3,301.806,False,0,1434786,24834189,0,TT,j90,LBCS_DP,0,0,0,0
8,4,300,False,0,1448194,20042139,0,TT,j90,LBCS_DP,0,0,0,0
8,5,300,False,0,1295721,23929745,0,TT,j90,LBCS_DP,0,0,0,0
8,6,300,False,0,1549262,27071120,0,TT,j90,LBCS_DP,0,0,0,0
8,7,55.0743,True,77,376177,4521498,93,TT,j90,LBCS_DP,0,0,0,0
8,8,300,False,0,2184102,31826446,0,TT,j90,LBCS_DP,0,0,0,0
8,9,300,False,0,2259313,25849111,0,TT,j90,LBCS_DP,0,0,0,0
8,10,300,False,0,1499846,23393995,0,TT,j90,LBCS_DP,0,0,0,0
9,1,300,False,0,1003044,18698899,0,TT,j90,LBCS_DP,0,0,0,0
9,2,300,False,0,1214522,19765418,0,TT,j90,LBCS_DP,0,0,0,0
9,3,300,False,0,1249762,18345211,0,TT,j90,LBCS_DP,0,0,0,0
9,4,300,False,0,1094837,17323789,0,TT,j90,LBCS_DP,0,0,0,0
9,5,300,False,0,1257644,16859873,0,TT,j90,LBCS_DP,0,0,0,0
9,6,300.146,False,0,1162359,20944362,0,TT,j90,LBCS_DP,0,0,0,0
9,7,300,False,0,1041019,19784245,0,TT,j90,LBCS_DP,0,0,0,0
9,8,300,False,0,1247699,18124942,0,TT,j90,LBCS_DP,0,0,0,0
9,9,300,False,0,982589,17930838,0,TT,j90,LBCS_DP,0,0,0,0
9,10,300,False,0,1204065,18501997,0,TT,j90,LBCS_DP,0,0,0,0
10,1,300,False,0,1417290,19811115,0,TT,j90,LBCS_DP,0,0,0,0
10,2,300,False,0,2114968,25166761,0,TT,j90,LBCS_DP,0,0,0,0
10,3,300,False,0,1551618,17289117,0,TT,j90,LBCS_DP,0,0,0,0
10,4,300,False,0,1223010,17883556,0,TT,j90,LBCS_DP,0,0,0,0
10,5,300.011,False,0,1677796,21060520,0,TT,j90,LBCS_DP,0,0,0,0
10,6,300,False,0,2164604,24364647,0,TT,j90,LBCS_DP,0,0,0,0
10,7,300,False,0,1622832,23686765,0,TT,j90,LBCS_DP,0,0,0,0
10,8,300,False,0,1723545,20260193,0,TT,j90,LBCS_DP,0,0,0,0
10,9,300,False,0,2096075,23475249,0,TT,j90,LBCS_DP,0,0,0,0
10,10,300,False,0,1419823,21532698,0,TT,j90,LBCS_DP,0,0,0,0
11,1,300,False,0,2123312,20893037,0,TT,j90,LBCS_DP,0,0,0,0
11,2,300,False,0,1853495,16545834,0,TT,j90,LBCS_DP,0,0,0,0
11,3,300,False,0,1224250,20009906,0,TT,j90,LBCS_DP,0,0,0,0
11,4,300,False,0,1581908,19782193,0,TT,j90,LBCS_DP,0,0,0,0
11,5,300,False,0,1455752,20382357,0,TT,j90,LBCS_DP,0,0,0,0
11,6,300,False,0,2116780,26291656,0,TT,j90,LBCS_DP,0,0,0,0
11,7,300,False,0,1808475,20018775,0,TT,j90,LBCS_DP,0,0,0,0
11,8,300,False,0,1773256,19323103,0,TT,j90,LBCS_DP,0,0,0,0
11,9,300,False,0,1395438,20681295,0,TT,j90,LBCS_DP,0,0,0,0
11,10,300,False,0,2143668,25510890,0,TT,j90,LBCS_DP,0,0,0,0
12,1,300,False,0,1692898,22329409,0,TT,j90,LBCS_DP,0,0,0,0
12,2,300,False,0,1716843,24874751,0,TT,j90,LBCS_DP,0,0,0,0
12,3,300,False,0,1964364,20126763,0,TT,j90,LBCS_DP,0,0,0,0
12,4,300,False,0,2599728,27215217,0,TT,j90,LBCS_DP,0,0,0,0
12,5,300,False,0,1798006,24290227,0,TT,j90,LBCS_DP,0,0,0,0
12,6,300,False,0,1713475,22874933,0,TT,j90,LBCS_DP,0,0,0,0
12,7,300,False,0,1753256,22845410,0,TT,j90,LBCS_DP,0,0,0,0
12,8,300,False,0,1566727,24850377,0,TT,j90,LBCS_DP,0,0,0,0
12,9,302.198,False,0,1461739,22553597,0,TT,j90,LBCS_DP,0,0,0,0
12,10,300,False,0,6142282,40690357,0,TT,j90,LBCS_DP,0,0,0,0
13,1,300,False,0,1083406,17243908,0,TT,j90,LBCS_DP,0,0,0,0
13,2,300,False,0,1089686,17373236,0,TT,j90,LBCS_DP,0,0,0,0
13,3,300,False,0,828604,17425421,0,TT,j90,LBCS_DP,0,0,0,0
13,4,300,False,0,1085925,20092198,0,TT,j90,LBCS_DP,0,0,0,0
13,5,300,False,0,851843,16611068,0,TT,j90,LBCS_DP,0,0,0,0
13,6,300,False,0,962932,16986341,0,TT,j90,LBCS_DP,0,0,0,0
13,7,300,False,0,1017093,16535111,0,TT,j90,LBCS_DP,0,0,0,0
13,8,300,False,0,898599,16043975,0,TT,j90,LBCS_DP,0,0,0,0
13,9,300,False,0,1010225,16418166,0,TT,j90,LBCS_DP,0,0,0,0
13,10,300,False,0,931253,16361386,0,TT,j90,LBCS_DP,0,0,0,0
14,1,300,False,0,1446852,20849966,0,TT,j90,LBCS_DP,0,0,0,0
14,2,300,False,0,1369279,18056933,0,TT,j90,LBCS_DP,0,0,0,0
14,3,300,False,0,1070831,15444388,0,TT,j90,LBCS_DP,0,0,0,0
14,4,300,False,0,1282433,17142488,0,TT,j90,LBCS_DP,0,0,0,0
14,5,300,False,0,1233308,18569622,0,TT,j90,LBCS_DP,0,0,0,0
14,6,300,False,0,1785177,19130040,0,TT,j90,LBCS_DP,0,0,0,0
14,7,300,False,0,1067688,18252357,0,TT,j90,LBCS_DP,0,0,0,0
14,8,300,False,0,1329908,19061522,0,TT,j90,LBCS_DP,0,0,0,0
14,9,300,False,0,1713611,20356323,0,TT,j90,LBCS_DP,0,0,0,0
14,10,300,False,0,1128793,18684564,0,TT,j90,LBCS_DP,0,0,0,0
15,1,300,False,0,1889701,25413603,0,TT,j90,LBCS_DP,0,0,0,0
15,2,300,False,0,1283663,20046830,0,TT,j90,LBCS_DP,0,0,0,0
15,3,300,False,0,1261061,17412474,0,TT,j90,LBCS_DP,0,0,0,0
15,4,300,False,0,1458507,20772150,0,TT,j90,LBCS_DP,0,0,0,0
15,5,300,False,0,2527972,24726763,0,TT,j90,LBCS_DP,0,0,0,0
15,6,300,False,0,1289188,20673240,0,TT,j90,LBCS_DP,0,0,0,0
15,7,300,False,0,1969602,18103507,0,TT,j90,LBCS_DP,0,0,0,0
15,8,300,False,0,1371189,17273532,0,TT,j90,LBCS_DP,0,0,0,0
15,9,300,False,0,1339152,20950562,0,TT,j90,LBCS_DP,0,0,0,0
15,10,300,False,0,2052170,28220340,0,TT,j90,LBCS_DP,0,0,0,0
16,1,300,False,0,1654484,18901321,0,TT,j90,LBCS_DP,0,0,0,0
16,2,300,False,0,1528075,20123932,0,TT,j90,LBCS_DP,0,0,0,0
16,3,300,False,0,1618372,20929889,0,TT,j90,LBCS_DP,0,0,0,0
16,4,300,False,0,1322933,18539070,0,TT,j90,LBCS_DP,0,0,0,0
16,5,300,False,0,1777270,21527444,0,TT,j90,LBCS_DP,0,0,0,0
16,6,300,False,0,1450308,24001778,0,TT,j90,LBCS_DP,0,0,0,0
16,7,300,False,0,1668309,18711260,0,TT,j90,LBCS_DP,0,0,0,0
16,8,300,False,0,1482436,21238463,0,TT,j90,LBCS_DP,0,0,0,0
16,9,302.514,False,0,2190134,25911496,0,TT,j90,LBCS_DP,0,0,0,0
16,10,300,False,0,2178543,21925587,0,TT,j90,LBCS_DP,0,0,0,0
17,1,300,False,0,2015546,27035503,0,TT,j90,LBCS_DP,0,0,0,0
17,2,300,False,0,1812685,24435084,0,TT,j90,LBCS_DP,0,0,0,0
17,3,300,False,0,1770622,22168410,0,TT,j90,LBCS_DP,0,0,0,0
17,4,300,False,0,3082693,27789643,0,TT,j90,LBCS_DP,0,0,0,0
17,5,300,False,0,1795807,18813942,0,TT,j90,LBCS_DP,0,0,0,0
17,6,300,False,0,2702580,27504876,0,TT,j90,LBCS_DP,0,0,0,0
17,7,300,False,0,2190628,27361093,0,TT,j90,LBCS_DP,0,0,0,0
17,8,300,False,0,2668510,28259013,0,TT,j90,LBCS_DP,0,0,0,0
17,9,300,False,0,2589368,25273552,0,TT,j90,LBCS_DP,0,0,0,0
17,10,302.814,False,0,2011038,23653948,0,TT,j90,LBCS_DP,0,0,0,0
18,1,10.682,True,101,103279,972125,93,TT,j90,LBCS_DP,0,0,0,0
18,2,9.37286,True,94,63135,624132,93,TT,j90,LBCS_DP,0,0,0,0
18,3,300,False,0,2123429,27228279,0,TT,j90,LBCS_DP,0,0,0,0
18,4,300,False,0,1741133,22816165,0,TT,j90,LBCS_DP,0,0,0,0
18,5,48.2079,True,90,480306,4926012,93,TT,j90,LBCS_DP,0,0,0,0
18,6,300,False,0,2432954,23387352,0,TT,j90,LBCS_DP,0,0,0,0
18,7,300,False,0,2580490,28242797,0,TT,j90,LBCS_DP,0,0,0,0
18,8,39.9327,True,92,420811,4244381,93,TT,j90,LBCS_DP,0,0,0,0
18,9,300,False,0,2039826,23468123,0,TT,j90,LBCS_DP,0,0,0,0
18,10,300,False,0,4604811,37581813,0,TT,j90,LBCS_DP,0,0,0,0
19,1,300,False,0,1517806,19548529,0,TT,j90,LBCS_DP,0,0,0,0
19,2,20.801,True,83,646991,4027970,93,TT,j90,LBCS_DP,0,0,0,0
19,3,300,False,0,2420980,26536959,0,TT,j90,LBCS_DP,0,0,0,0
19,4,300,False,0,2437839,27911858,0,TT,j90,LBCS_DP,0,0,0,0
19,5,300,False,0,2216845,26199789,0,TT,j90,LBCS_DP,0,0,0,0
19,6,0.746366,True,136,19764,107459,93,TT,j90,LBCS_DP,0,0,0,0
19,7,300,False,0,5207450,44363160,0,TT,j90,LBCS_DP,0,0,0,0
19,8,40.131,True,91,888860,6234058,93,TT,j90,LBCS_DP,0,0,0,0
19,9,44.5217,True,121,1036041,7091085,93,TT,j90,LBCS_DP,0,0,0,0
19,10,300,False,0,2891100,30711414,0,TT,j90,LBCS_DP,0,0,0,0
20,1,300,False,0,2832089,35561217,0,TT,j90,LBCS_DP,0,0,0,0
20,2,3.64971,True,76,38799,398269,93,TT,j90,LBCS_DP,0,0,0,0
20,3,10.6675,True,86,115795,1105485,93,TT,j90,LBCS_DP,0,0,0,0
20,4,300,False,0,1934637,23509941,0,TT,j90,LBCS_DP,0,0,0,0
20,5,300,False,0,2672698,32658842,0,TT,j90,LBCS_DP,0,0,0,0
20,6,103.835,True,83,784431,9661095,93,TT,j90,LBCS_DP,0,0,0,0
20,7,300,False,0,5626720,45112818,0,TT,j90,LBCS_DP,0,0,0,0
20,8,13.3238,True,85,165382,1642753,93,TT,j90,LBCS_DP,0,0,0,0
20,9,300,False,0,2101489,30277645,0,TT,j90,LBCS_DP,0,0,0,0
20,10,188.006,True,89,3876604,31557048,93,TT,j90,LBCS_DP,0,0,0,0
21,1,300,False,0,1295694,16292632,0,TT,j90,LBCS_DP,0,0,0,0
21,2,300,False,0,1569849,23687374,0,TT,j90,LBCS_DP,0,0,0,0
21,3,300,False,0,1561308,21159822,0,TT,j90,LBCS_DP,0,0,0,0
21,4,300,False,0,1470337,18984310,0,TT,j90,LBCS_DP,0,0,0,0
21,5,300,False,0,1299834,16238024,0,TT,j90,LBCS_DP,0,0,0,0
21,6,300,False,0,1678540,18597918,0,TT,j90,LBCS_DP,0,0,0,0
21,7,300,False,0,1158128,16497968,0,TT,j90,LBCS_DP,0,0,0,0
21,8,300,False,0,1574924,16832820,0,TT,j90,LBCS_DP,0,0,0,0
21,9,300,False,0,1215850,17163069,0,TT,j90,LBCS_DP,0,0,0,0
21,10,300,False,0,1302356,18119600,0,TT,j90,LBCS_DP,0,0,0,0
22,1,300,False,0,1770290,19875342,0,TT,j90,LBCS_DP,0,0,0,0
22,2,1.55148,True,85,16279,147991,93,TT,j90,LBCS_DP,0,0,0,0
22,3,300,False,0,2240849,24471871,0,TT,j90,LBCS_DP,0,0,0,0
22,4,300,False,0,1159952,16815314,0,TT,j90,LBCS_DP,0,0,0,0
22,5,300,False,0,3784237,36195931,0,TT,j90,LBCS_DP,0,0,0,0
22,6,300,False,0,1668291,21921466,0,TT,j90,LBCS_DP,0,0,0,0
22,7,300,False,0,1438607,18095104,0,TT,j90,LBCS_DP,0,0,0,0
22,8,300,False,0,1178278,18291109,0,TT,j90,LBCS_DP,0,0,0,0
22,9,300,False,0,2304766,27380858,0,TT,j90,LBCS_DP,0,0,0,0
22,10,300,False,0,1771189,22451229,0,TT,j90,LBCS_DP,0,0,0,0
23,1,300,False,0,2460083,22971208,0,TT,j90,LBCS_DP,0,0,0,0
23,2,300,False,0,1460574,20087505,0,TT,j90,LBCS_DP,0,0,0,0
23,3,300,False,0,5444670,32804838,0,TT,j90,LBCS_DP,0,0,0,0
23,4,300,False,0,1710921,19437119,0,TT,j90,LBCS_DP,0,0,0,0
23,5,300,False,0,2011927,24000127,0,TT,j90,LBCS_DP,0,0,0,0
23,6,300,False,0,12201745,58904080,0,TT,j90,LBCS_DP,0,0,0,0
23,7,300,False,0,1788883,21650618,0,TT,j90,LBCS_DP,0,0,0,0
23,8,300,False,0,1793831,16972563,0,TT,j90,LBCS_DP,0,0,0,0
23,9,300,False,0,2357125,22223324,0,TT,j90,LBCS_DP,0,0,0,0
23,10,300,False,0,2254417,22629970,0,TT,j90,LBCS_DP,0,0,0,0
24,1,300,False,0,2171743,24826384,0,TT,j90,LBCS_DP,0,0,0,0
24,2,300,False,0,2361945,22107004,0,TT,j90,LBCS_DP,0,0,0,0
24,3,300,False,0,3066575,32409835,0,TT,j90,LBCS_DP,0,0,0,0
24,4,300,False,0,2291907,27724360,0,TT,j90,LBCS_DP,0,0,0,0
24,5,300,False,0,2792024,28588060,0,TT,j90,LBCS_DP,0,0,0,0
24,6,300,False,0,1379895,20389268,0,TT,j90,LBCS_DP,0,0,0,0
24,7,300,False,0,1931567,19875139,0,TT,j90,LBCS_DP,0,0,0,0
24,8,300,False,0,5054726,38514697,0,TT,j90,LBCS_DP,0,0,0,0
24,9,300,False,0,5115462,43738837,0,TT,j90,LBCS_DP,0,0,0,0
24,10,300,False,0,1740184,20932140,0,TT,j90,LBCS_DP,0,0,0,0
25,1,300,False,0,1496382,20574140,0,TT,j90,LBCS_DP,0,0,0,0
25,2,300,False,0,1218435,16448380,0,TT,j90,LBCS_DP,0,0,0,0
25,3,300,False,0,1381535,17054746,0,TT,j90,LBCS_DP,0,0,0,0
25,4,300,False,0,1280434,15807459,0,TT,j90,LBCS_DP,0,0,0,0
25,5,300,False,0,1182435,16257395,0,TT,j90,LBCS_DP,0,0,0,0
25,6,300,False,0,1249414,16267833,0,TT,j90,LBCS_DP,0,0,0,0
25,7,300,False,0,1377527,17083492,0,TT,j90,LBCS_DP,0,0,0,0
25,8,300,False,0,1603095,23270687,0,TT,j90,LBCS_DP,0,0,0,0
25,9,300,False,0,1048666,18386197,0,TT,j90,LBCS_DP,0,0,0,0
25,10,300,False,0,1262813,19921211,0,TT,j90,LBCS_DP,0,0,0,0
26,1,300,False,0,1464378,19002987,0,TT,j90,LBCS_DP,0,0,0,0
26,2,300,False,0,1918399,24157481,0,TT,j90,LBCS_DP,0,0,0,0
26,3,300,False,0,1655262,21358207,0,TT,j90,LBCS_DP,0,0,0,0
26,4,302.038,False,0,1952313,19866015,0,TT,j90,LBCS_DP,0,0,0,0
26,5,300,False,0,1581742,17972577,0,TT,j90,LBCS_DP,0,0,0,0
26,6,300,False,0,2903145,30530691,0,TT,j90,LBCS_DP,0,0,0,0
26,7,300,False,0,1304941,16854077,0,TT,j90,LBCS_DP,0,0,0,0
26,8,300,False,0,1300781,17276118,0,TT,j90,LBCS_DP,0,0,0,0
26,9,300,False,0,1656174,17835262,0,TT,j90,LBCS_DP,0,0,0,0
26,10,300,False,0,1285924,17033662,0,TT,j90,LBCS_DP,0,0,0,0
27,1,300,False,0,2400450,21250969,0,TT,j90,LBCS_DP,0,0,0,0
27,2,300,False,0,1528246,21361350,0,TT,j90,LBCS_DP,0,0,0,0
27,3,300,False,0,1920727,17995522,0,TT,j90,LBCS_DP,0,0,0,0
27,4,300,False,0,1795270,24299175,0,TT,j90,LBCS_DP,0,0,0,0
27,5,300,False,0,2809661,26709295,0,TT,j90,LBCS_DP,0,0,0,0
27,6,301.184,False,0,1810903,21304844,0,TT,j90,LBCS_DP,0,0,0,0
27,7,300,False,0,4043565,38926301,0,TT,j90,LBCS_DP,0,0,0,0
27,8,300,False,0,1113902,17628030,0,TT,j90,LBCS_DP,0,0,0,0
27,9,300,False,0,2631925,28829091,0,TT,j90,LBCS_DP,0,0,0,0
27,10,300,False,0,1553471,18355245,0,TT,j90,LBCS_DP,0,0,0,0
28,1,300,False,0,1607668,17357463,0,TT,j90,LBCS_DP,0,0,0,0
28,2,300,False,0,1583254,19298063,0,TT,j90,LBCS_DP,0,0,0,0
28,3,300,False,0,4973355,34177127,0,TT,j90,LBCS_DP,0,0,0,0
28,4,300,False,0,1862200,18489754,0,TT,j90,LBCS_DP,0,0,0,0
28,5,300,False,0,2470447,28594993,0,TT,j90,LBCS_DP,0,0,0,0
28,6,181.996,True,102,3460816,20279272,93,TT,j90,LBCS_DP,0,0,0,0
28,7,12.0713,True,97,85377,780509,93,TT,j90,LBCS_DP,0,0,0,0
28,8,300,False,0,2060218,19060300,0,TT,j90,LBCS_DP,0,0,0,0
28,9,300,False,0,6710216,34830857,0,TT,j90,LBCS_DP,0,0,0,0
28,10,300,False,0,1412243,19214027,0,TT,j90,LBCS_DP,0,0,0,0
29,1,300,False,0,1130169,15496778,0,TT,j90,LBCS_DP,0,0,0,0
29,2,300,False,0,944157,15356413,0,TT,j90,LBCS_DP,0,0,0,0
29,3,300,False,0,1024905,15815785,0,TT,j90,LBCS_DP,0,0,0,0
29,4,300,False,0,1119934,15854125,0,TT,j90,LBCS_DP,0,0,0,0
29,5,300,False,0,1091115,14586309,0,TT,j90,LBCS_DP,0,0,0,0
29,6,300,False,0,1108057,17101381,0,TT,j90,LBCS_DP,0,0,0,0
29,7,300,False,0,1258320,19289952,0,TT,j90,LBCS_DP,0,0,0,0
29,8,300,False,0,1257382,15767844,0,TT,j90,LBCS_DP,0,0,0,0
29,9,300,False,0,1036608,17934913,0,TT,j90,LBCS_DP,0,0,0,0
29,10,300,False,0,1198783,15796424,0,TT,j90,LBCS_DP,0,0,0,0
30,1,300,False,0,1208170,19068048,0,TT,j90,LBCS_DP,0,0,0,0
30,2,300,False,0,1313050,17407319,0,TT,j90,LBCS_DP,0,0,0,0
30,3,300,False,0,1412552,15613433,0,TT,j90,LBCS_DP,0,0,0,0
30,4,300,False,0,1731012,17496308,0,TT,j90,LBCS_DP,0,0,0,0
30,5,300,False,0,2371854,25410656,0,TT,j90,LBCS_DP,0,0,0,0
30,6,300,False,0,2261886,21080082,0,TT,j90,LBCS_DP,0,0,0,0
30,7,300,False,0,1925250,23509128,0,TT,j90,LBCS_DP,0,0,0,0
30,8,300,False,0,1152042,17251952,0,TT,j90,LBCS_DP,0,0,0,0
30,9,300,False,0,1406902,20121325,0,TT,j90,LBCS_DP,0,0,0,0
30,10,300,False,0,1437454,16805795,0,TT,j90,LBCS_DP,0,0,0,0
31,1,300,False,0,1923532,21961045,0,TT,j90,LBCS_DP,0,0,0,0
31,2,300,False,0,9040312,46431648,0,TT,j90,LBCS_DP,0,0,0,0
31,3,300,False,0,1453591,16676012,0,TT,j90,LBCS_DP,0,0,0,0
31,4,300,False,0,6187067,34031959,0,TT,j90,LBCS_DP,0,0,0,0
31,5,300,False,0,1239966,17341077,0,TT,j90,LBCS_DP,0,0,0,0
31,6,300,False,0,1646714,16913013,0,TT,j90,LBCS_DP,0,0,0,0
31,7,300,False,0,1473423,18896650,0,TT,j90,LBCS_DP,0,0,0,0
31,8,300,False,0,3659128,28279225,0,TT,j90,LBCS_DP,0,0,0,0
31,9,300,False,0,1407110,19084979,0,TT,j90,LBCS_DP,0,0,0,0
31,10,300,False,0,1759423,19361538,0,TT,j90,LBCS_DP,0,0,0,0
32,1,300,False,0,1904157,23862644,0,TT,j90,LBCS_DP,0,0,0,0
32,2,300,False,0,2390632,23568366,0,TT,j90,LBCS_DP,0,0,0,0
32,3,302.109,False,0,1610971,20402491,0,TT,j90,LBCS_DP,0,0,0,0
32,4,12.73,True,104,111207,897879,93,TT,j90,LBCS_DP,0,0,0,0
32,5,248.841,True,93,3543299,27420499,93,TT,j90,LBCS_DP,0,0,0,0
32,6,70.0607,True,86,409395,3770220,93,TT,j90,LBCS_DP,0,0,0,0
32,7,300,False,0,1377060,16597514,0,TT,j90,LBCS_DP,0,0,0,0
32,8,300,False,0,1658777,21078851,0,TT,j90,LBCS_DP,0,0,0,0
32,9,300,False,0,1492280,19858430,0,TT,j90,LBCS_DP,0,0,0,0
32,10,300,False,0,4959275,34558669,0,TT,j90,LBCS_DP,0,0,0,0
33,1,300,False,0,2062507,22793867,0,TT,j90,LBCS_DP,0,0,0,0
33,2,300,False,0,1960170,21152127,0,TT,j90,LBCS_DP,0,0,0,0
33,3,300,False,0,2893458,28251722,0,TT,j90,LBCS_DP,0,0,0,0
33,4,300,False,0,1982283,20661124,0,TT,j90,LBCS_DP,0,0,0,0
33,5,300,False,0,1898087,21162306,0,TT,j90,LBCS_DP,0,0,0,0
33,6,300,False,0,2102998,19559566,0,TT,j90,LBCS_DP,0,0,0,0
33,7,300,False,0,3254658,32216509,0,TT,j90,LBCS_DP,0,0,0,0
33,8,300,False,0,2175627,20284235,0,TT,j90,LBCS_DP,0,0,0,0
33,9,300,False,0,2267735,22996564,0,TT,j90,LBCS_DP,0,0,0,0
33,10,300,False,0,1633598,18906874,0,TT,j90,LBCS_DP,0,0,0,0
34,1,20.0812,True,83,197903,2037024,93,TT,j90,LBCS_DP,0,0,0,0
34,2,301.85,False,0,8709398,56117537,0,TT,j90,LBCS_DP,0,0,0,0
34,3,13.8632,True,82,153588,1383620,93,TT,j90,LBCS_DP,0,0,0,0
34,4,300,False,0,2263559,23894030,0,TT,j90,LBCS_DP,0,0,0,0
34,5,300,False,0,3009379,26347679,0,TT,j90,LBCS_DP,0,0,0,0
34,6,0.167212,True,89,2057,16221,93,TT,j90,LBCS_DP,0,0,0,0
34,7,300,False,0,1737658,18463440,0,TT,j90,LBCS_DP,0,0,0,0
34,8,300,False,0,2226835,23587735,0,TT,j90,LBCS_DP,0,0,0,0
34,9,0.907052,True,109,13493,101074,93,TT,j90,LBCS_DP,0,0,0,0
34,10,2.02545,True,101,19469,156252,93,TT,j90,LBCS_DP,0,0,0,0
35,1,300,False,0,4250310,39533948,0,TT,j90,LBCS_DP,0,0,0,0
35,2,13.8678,True,92,126002,1095196,93,TT,j90,LBCS_DP,0,0,0,0
35,3,285.429,True,96,2358727,21059331,93,TT,j90,LBCS_DP,0,0,0,0
35,4,1.30995,True,86,9181,104152,93,TT,j90,LBCS_DP,0,0,0,0
35,5,0.190751,True,103,2249,15879,93,TT,j90,LBCS_DP,0,0,0,0
35,6,1.68049,True,72,13530,119143,93,TT,j90,LBCS_DP,0,0,0,0
35,7,13.11,True,78,130440,1237856,93,TT,j90,LBCS_DP,0,0,0,0
35,8,2.85984,True,85,35144,313659,93,TT,j90,LBCS_DP,0,0,0,0
35,9,300,False,0,3629290,36073285,0,TT,j90,LBCS_DP,0,0,0,0
35,10,0.441019,True,82,4644,43593,93,TT,j90,LBCS_DP,0,0,0,0
36,1,300,False,0,4116488,29508557,0,TT,j90,LBCS_DP,0,0,0,0
36,2,5.20084,True,114,51696,399880,93,TT,j90,LBCS_DP,0,0,0,0
36,3,300,False,0,3127377,28477108,0,TT,j90,LBCS_DP,0,0,0,0
36,4,10.5847,True,79,88996,835713,93,TT,j90,LBCS_DP,0,0,0,0
36,5,6.40288,True,98,43527,422465,93,TT,j90,LBCS_DP,0,0,0,0
36,6,2.8724,True,99,37270,271660,93,TT,j90,LBCS_DP,0,0,0,0
36,7,10.6918,True,89,116511,1235247,93,TT,j90,LBCS_DP,0,0,0,0
36,8,0.65743,True,84,6699,50310,93,TT,j90,LBCS_DP,0,0,0,0
36,9,300,False,0,4237905,37362645,0,TT,j90,LBCS_DP,0,0,0,0
36,10,300,False,0,3021426,27067131,0,TT,j90,LBCS_DP,0,0,0,0
37,1,300.268,False,0,1864781,17426067,0,TT,j90,LBCS_DP,0,0,0,0
37,2,300,False,0,1504221,18163157,0,TT,j90,LBCS_DP,0,0,0,0
37,3,300,False,0,2070367,21616588,0,TT,j90,LBCS_DP,0,0,0,0
37,4,300,False,0,1313589,17300716,0,TT,j90,LBCS_DP,0,0,0,0
37,5,300,False,0,1614627,18819567,0,TT,j90,LBCS_DP,0,0,0,0
37,6,300,False,0,1519330,17182787,0,TT,j90,LBCS_DP,0,0,0,0
37,7,300,False,0,2296320,18821121,0,TT,j90,LBCS_DP,0,0,0,0
37,8,300,False,0,1750523,18851887,0,TT,j90,LBCS_DP,0,0,0,0
37,9,300,False,0,1708912,18016728,0,TT,j90,LBCS_DP,0,0,0,0
37,10,300,False,0,1279224,15935061,0,TT,j90,LBCS_DP,0,0,0,0
38,1,300,False,0,2206213,25167970,0,TT,j90,LBCS_DP,0,0,0,0
38,2,300,False,0,6609464,47729154,0,TT,j90,LBCS_DP,0,0,0,0
38,3,300,False,0,5117841,44987882,0,TT,j90,LBCS_DP,0,0,0,0
38,4,91.7999,True,89,1031351,9902453,93,TT,j90,LBCS_DP,0,0,0,0
38,5,300,False,0,3261247,30254732,0,TT,j90,LBCS_DP,0,0,0,0
38,6,300,False,0,1643280,18330956,0,TT,j90,LBCS_DP,0,0,0,0
38,7,92.8751,True,85,1109688,9918244,93,TT,j90,LBCS_DP,0,0,0,0
38,8,9.40795,True,91,65974,677474,93,TT,j90,LBCS_DP,0,0,0,0
38,9,300,False,0,2401689,27065820,0,TT,j90,LBCS_DP,0,0,0,0
38,10,300,False,0,1757566,17424144,0,TT,j90,LBCS_DP,0,0,0,0
39,1,300,False,0,10738658,52531312,0,TT,j90,LBCS_DP,0,0,0,0
39,2,300,False,0,3091388,27371881,0,TT,j90,LBCS_DP,0,0,0,0
39,3,19.0699,True,83,149277,1406678,93,TT,j90,LBCS_DP,0,0,0,0
39,4,300,False,0,3078695,33263064,0,TT,j90,LBCS_DP,0,0,0,0
39,5,12.1292,True,85,74024,754202,93,TT,j90,LBCS_DP,0,0,0,0
39,6,300,False,0,8607054,47735864,0,TT,j90,LBCS_DP,0,0,0,0
39,7,300,False,0,2015603,23979903,0,TT,j90,LBCS_DP,0,0,0,0
39,8,300,False,0,2228418,23479984,0,TT,j90,LBCS_DP,0,0,0,0
39,9,300,False,0,2721392,23565887,0,TT,j90,LBCS_DP,0,0,0,0
39,10,300,False,0,3958993,33919926,0,TT,j90,LBCS_DP,0,0,0,0
40,1,1.86886,True,95,18042,129545,93,TT,j90,LBCS_DP,0,0,0,0
40,2,188.367,True,91,1259478,13606903,93,TT,j90,LBCS_DP,0,0,0,0
40,3,300,False,0,1420286,17550404,0,TT,j90,LBCS_DP,0,0,0,0
40,4,300,False,0,4071797,27490148,0,TT,j90,LBCS_DP,0,0,0,0
40,5,300,False,0,3880141,32599619,0,TT,j90,LBCS_DP,0,0,0,0
40,6,300,False,0,4734661,35950123,0,TT,j90,LBCS_DP,0,0,0,0
40,7,300,False,0,2865914,26033781,0,TT,j90,LBCS_DP,0,0,0,0
40,8,300,False,0,3344741,28784686,0,TT,j90,LBCS_DP,0,0,0,0
40,9,300,False,0,1948866,19484135,0,TT,j90,LBCS_DP,0,0,0,0
40,10,9.10572,True,86,167275,1120115,93,TT,j90,LBCS_DP,0,0,0,0
41,1,300,False,0,2012669,17455285,0,TT,j90,LBCS_DP,0,0,0,0
41,2,300,False,0,1372836,14095279,0,TT,j90,LBCS_DP,0,0,0,0
41,3,300,False,0,1244174,15763797,0,TT,j90,LBCS_DP,0,0,0,0
41,4,300,False,0,1592894,15614594,0,TT,j90,LBCS_DP,0,0,0,0
41,5,300,False,0,1568205,17928107,0,TT,j90,LBCS_DP,0,0,0,0
41,6,300,False,0,1632711,15649115,0,TT,j90,LBCS_DP,0,0,0,0
41,7,300,False,0,1545027,14900047,0,TT,j90,LBCS_DP,0,0,0,0
41,8,300,False,0,1555485,16662279,0,TT,j90,LBCS_DP,0,0,0,0
41,9,300,False,0,1293998,15025913,0,TT,j90,LBCS_DP,0,0,0,0
41,10,300,False,0,1549890,16930853,0,TT,j90,LBCS_DP,0,0,0,0
42,1,300,False,0,2562492,25144071,0,TT,j90,LBCS_DP,0,0,0,0
42,2,300,False,0,1826032,18532324,0,TT,j90,LBCS_DP,0,0,0,0
42,3,300,False,0,2218321,22798258,0,TT,j90,LBCS_DP,0,0,0,0
42,4,300,False,0,2224900,21565568,0,TT,j90,LBCS_DP,0,0,0,0
42,5,300,False,0,1472610,13421496,0,TT,j90,LBCS_DP,0,0,0,0
42,6,300,False,0,2239355,22584531,0,TT,j90,LBCS_DP,0,0,0,0
42,7,300,False,0,2268652,25541804,0,TT,j90,LBCS_DP,0,0,0,0
42,8,75.585,True,105,851464,6747868,93,TT,j90,LBCS_DP,0,0,0,0
42,9,300,False,0,1727674,21143601,0,TT,j90,LBCS_DP,0,0,0,0
42,10,300,False,0,2091050,19692856,0,TT,j90,LBCS_DP,0,0,0,0
43,1,300,False,0,2859709,24452865,0,TT,j90,LBCS_DP,0,0,0,0
43,2,300,False,0,1844220,18768027,0,TT,j90,LBCS_DP,0,0,0,0
43,3,300,False,0,1895479,18093416,0,TT,j90,LBCS_DP,0,0,0,0
43,4,300,False,0,1832085,16868331,0,TT,j90,LBCS_DP,0,0,0,0
43,5,300,False,0,4435765,32842991,0,TT,j90,LBCS_DP,0,0,0,0
43,6,0.0741747,True,114,983,4993,93,TT,j90,LBCS_DP,0,0,0,0
43,7,300,False,0,8773540,51003480,0,TT,j90,LBCS_DP,0,0,0,0
43,8,300.382,False,0,2098585,20989431,0,TT,j90,LBCS_DP,0,0,0,0
43,9,300,False,0,2334250,21403533,0,TT,j90,LBCS_DP,0,0,0,0
43,10,300,False,0,5531540,40784584,0,TT,j90,LBCS_DP,0,0,0,0
44,1,300,False,0,2671301,22068465,0,TT,j90,LBCS_DP,0,0,0,0
44,2,0.501307,True,92,4148,28613,93,TT,j90,LBCS_DP,0,0,0,0
44,3,13.9966,True,110,293942,1895234,93,TT,j90,LBCS_DP,0,0,0,0
44,4,300,False,0,3062316,25348309,0,TT,j90,LBCS_DP,0,0,0,0
44,5,300,False,0,15189719,65199285,0,TT,j90,LBCS_DP,0,0,0,0
44,6,300,False,0,3931742,30240185,0,TT,j90,LBCS_DP,0,0,0,0
44,7,300,False,0,7290099,47682762,0,TT,j90,LBCS_DP,0,0,0,0
44,8,42.8709,True,99,588809,4363821,93,TT,j90,LBCS_DP,0,0,0,0
44,9,300,False,0,2711901,21884781,0,TT,j90,LBCS_DP,0,0,0,0
44,10,300,False,0,1640111,16526167,0,TT,j90,LBCS_DP,0,0,0,0
45,1,300,False,0,1249288,14244869,0,TT,j90,LBCS_DP,0,0,0,0
45,2,300,False,0,1219197,14832539,0,TT,j90,LBCS_DP,0,0,0,0
45,3,300,False,0,1400024,14904283,0,TT,j90,LBCS_DP,0,0,0,0
45,4,300,False,0,1132250,13902704,0,TT,j90,LBCS_DP,0,0,0,0
45,5,300,False,0,1206023,13698760,0,TT,j90,LBCS_DP,0,0,0,0
45,6,300,False,0,1271816,14009156,0,TT,j90,LBCS_DP,0,0,0,0
45,7,301.03,False,0,1202985,14938284,0,TT,j90,LBCS_DP,0,0,0,0
45,8,300,False,0,1205823,13581211,0,TT,j90,LBCS_DP,0,0,0,0
45,9,300,False,0,1232344,14234413,0,TT,j90,LBCS_DP,0,0,0,0
45,10,300,False,0,1130508,15836263,0,TT,j90,LBCS_DP,0,0,0,0
46,1,300,False,0,1958451,20651201,0,TT,j90,LBCS_DP,0,0,0,0
46,2,300,False,0,2158146,18283651,0,TT,j90,LBCS_DP,0,0,0,0
46,3,300,False,0,2093977,22329667,0,TT,j90,LBCS_DP,0,0,0,0
46,4,300,False,0,1509347,18109373,0,TT,j90,LBCS_DP,0,0,0,0
46,5,300,False,0,1619786,18422260,0,TT,j90,LBCS_DP,0,0,0,0
46,6,300,False,0,1493959,17045390,0,TT,j90,LBCS_DP,0,0,0,0
46,7,300,False,0,1647588,16741322,0,TT,j90,LBCS_DP,0,0,0,0
46,8,300,False,0,1807282,19095403,0,TT,j90,LBCS_DP,0,0,0,0
46,9,300,False,0,1775998,16964706,0,TT,j90,LBCS_DP,0,0,0,0
46,10,300,False,0,1663307,15579149,0,TT,j90,LBCS_DP,0,0,0,0
47,1,300,False,0,1801880,16613640,0,TT,j90,LBCS_DP,0,0,0,0
47,2,300,False,0,2063545,19580712,0,TT,j90,LBCS_DP,0,0,0,0
47,3,300,False,0,3818213,30073031,0,TT,j90,LBCS_DP,0,0,0,0
47,4,300,False,0,1658061,14681842,0,TT,j90,LBCS_DP,0,0,0,0
47,5,300,False,0,3686404,32223511,0,TT,j90,LBCS_DP,0,0,0,0
47,6,300,False,0,3085982,27587026,0,TT,j90,LBCS_DP,0,0,0,0
47,7,300,False,0,2258397,19770954,0,TT,j90,LBCS_DP,0,0,0,0
47,8,301.306,False,0,2041902,19588332,0,TT,j90,LBCS_DP,0,0,0,0
47,9,300,False,0,2977029,27501097,0,TT,j90,LBCS_DP,0,0,0,0
47,10,300,False,0,1627251,19806524,0,TT,j90,LBCS_DP,0,0,0,0
48,1,300,False,0,1564909,16988778,0,TT,j90,LBCS_DP,0,0,0,0
48,2,300,False,0,3553236,30592049,0,TT,j90,LBCS_DP,0,0,0,0
48,3,300,False,0,2088869,20157515,0,TT,j90,LBCS_DP,0,0,0,0
48,4,303.999,False,0,6737433,40472033,0,TT,j90,LBCS_DP,0,0,0,0
48,5,300,False,0,2552125,20074273,0,TT,j90,LBCS_DP,0,0,0,0
48,6,300,False,0,3379311,21324127,0,TT,j90,LBCS_DP,0,0,0,0
48,7,300,False,0,1784829,17675318,0,TT,j90,LBCS_DP,0,0,0,0
48,8,300,False,0,6807449,44750017,0,TT,j90,LBCS_DP,0,0,0,0
48,9,300,False,0,3924994,29016062,0,TT,j90,LBCS_DP,0,0,0,0
48,10,300,False,0,2022634,23471125,0,TT,j90,LBCS_DP,0,0,0,0
