group,exam,time,finished,makespan,expand number,generated number,depth,true makespan,iyar solved,iyar time,iyar expanded,iyar generated,is makespan OK?,time- part,NC,RF,RS,time ratio,expand ratio,generated ratio
1,1,17.666,TRUE,43,22522,146507,33,43,TRUE,15.33251405,23547,151638,1,10-60 sec,1.5,0.25,0.2,1.152191998,0.956470039,0.966162835
1,2,80.2483,TRUE,47,131314,686470,33,47,TRUE,38.06799197,131889,687539,1,1-2 min,1.5,0.25,0.2,2.108025558,0.995640273,0.998445179
1,3,29.7139,TRUE,47,53171,245429,33,47,TRUE,14.89580417,53334,245991,1,10-60 sec,1.5,0.25,0.2,1.994783206,0.996943788,0.997715364
1,4,600.002,FALSE,0,414329,2197729,0,62,TRUE,496.5725155,923646,4584884,,Out of Range,1.5,0.25,0.2,,,
1,5,583.04,TRUE,39,478358,2411890,33,39,TRUE,252.0350289,483639,2439776,1,5-10 min,1.5,0.25,0.2,2.313329233,0.989080699,0.988570262
1,6,94.1739,TRUE,48,169837,728457,33,48,TRUE,75.9198885,170518,731309,1,1-2 min,1.5,0.25,0.2,1.240437807,0.996006287,0.996100144
1,7,0.299882,TRUE,60,453,2506,33,60,TRUE,0.526715517,581,3157,1,0-10 sec,1.5,0.25,0.2,0.569343394,0.779690189,0.793791574
1,8,1.02303,TRUE,53,1580,8746,33,53,TRUE,4.126763344,13793,56685,1,0-10 sec,1.5,0.25,0.2,0.247901301,0.114550859,0.154291259
1,9,38.5528,TRUE,49,45925,292224,33,49,TRUE,30.92261267,47624,303542,1,10-60 sec,1.5,0.25,0.2,1.246751056,0.96432471,0.962713562
1,10,28.0563,TRUE,45,46126,260266,33,45,TRUE,28.73928118,43683,245930,1,10-60 sec,1.5,0.25,0.2,0.976235273,1.055925646,1.05829301
2,1,9.57538,TRUE,38,16399,83340,33,38,TRUE,5.50338912,17562,88429,1,0-10 sec,1.5,0.25,0.5,1.739906045,0.933777474,0.942451006
2,2,32.5964,TRUE,51,60777,334109,33,51,TRUE,37.29900432,60776,334109,1,10-60 sec,1.5,0.25,0.5,0.873921452,1.000016454,1
2,3,0.133017,TRUE,43,183,1046,33,43,TRUE,0.201843023,185,1057,1,0-10 sec,1.5,0.25,0.5,0.659012127,0.989189189,0.989593188
2,4,12.6728,TRUE,43,22367,119455,33,43,TRUE,6.561744452,17408,96838,1,10-60 sec,1.5,0.25,0.5,1.931315688,1.284869026,1.233555009
2,5,0.397164,TRUE,51,577,2934,33,51,TRUE,0.507169485,601,3094,1,0-10 sec,1.5,0.25,0.5,0.783099165,0.960066556,0.948287007
2,6,0.118876,TRUE,47,196,967,33,47,TRUE,7.951996565,16326,71205,1,0-10 sec,1.5,0.25,0.5,0.014949202,0.01200539,0.013580507
2,7,0.253078,TRUE,47,295,1911,33,47,TRUE,0.368383884,297,1859,1,0-10 sec,1.5,0.25,0.5,0.686995308,0.993265993,1.027972028
2,8,127.872,TRUE,54,168092,1021568,33,54,TRUE,105.6875083,169649,1028869,1,2-5 min,1.5,0.25,0.5,1.209906469,0.990822227,0.992903859
2,9,6.98168,TRUE,54,9732,52716,33,54,TRUE,6.478299141,10793,56625,1,0-10 sec,1.5,0.25,0.5,1.077702627,0.901695543,0.930966887
2,10,3.68578,TRUE,43,4680,30132,33,43,TRUE,3.973354101,5138,32742,1,0-10 sec,1.5,0.25,0.5,0.927624346,0.910860257,0.920285871
3,1,0.0178533,TRUE,72,39,132,33,72,TRUE,0.053457499,38,130,1,0-10 sec,1.5,0.25,0.7,0.333971853,1.026315789,1.015384615
3,2,6.1777,TRUE,40,11359,57947,33,40,TRUE,7.048343658,12536,63292,1,0-10 sec,1.5,0.25,0.7,0.876475425,0.906110402,0.915550149
3,3,0.337931,TRUE,57,558,2952,33,57,TRUE,0.437474728,368,2150,1,0-10 sec,1.5,0.25,0.7,0.772458335,1.516304348,1.373023256
3,4,0.064158,TRUE,98,117,486,33,98,TRUE,0.250809908,194,899,1,0-10 sec,1.5,0.25,0.7,0.255803291,0.603092784,0.540600667
3,5,28.8555,TRUE,53,55266,275801,33,53,TRUE,30.43761301,55265,275801,1,10-60 sec,1.5,0.25,0.7,0.948021121,1.000018095,1
3,6,0.0441347,TRUE,54,73,324,33,54,TRUE,0.104140997,72,324,1,0-10 sec,1.5,0.25,0.7,0.423797556,1.013888889,1
3,7,0.259941,TRUE,48,323,2087,33,48,TRUE,0.063080788,79,409,1,0-10 sec,1.5,0.25,0.7,4.120763361,4.088607595,5.102689487
3,8,0.295873,TRUE,54,374,2368,33,54,TRUE,0.32542181,252,1533,1,0-10 sec,1.5,0.25,0.7,0.909198434,1.484126984,1.544683627
3,9,46.2634,TRUE,65,84114,412312,33,65,TRUE,47.18042636,83762,411236,1,10-60 sec,1.5,0.25,0.7,0.980563415,1.004202383,1.002616502
3,10,17.7601,TRUE,59,39723,186164,33,59,TRUE,18.87310863,37029,176211,1,10-60 sec,1.5,0.25,0.7,0.941026746,1.072753788,1.05648342
4,1,0.0363933,TRUE,49,61,280,33,49,TRUE,0.080618858,62,269,1,0-10 sec,1.5,0.25,1,0.451424157,0.983870968,1.040892193
4,2,0.0374511,TRUE,60,69,292,33,60,TRUE,0.089538574,68,292,1,0-10 sec,1.5,0.25,1,0.418267774,1.014705882,1
4,3,0.0797102,TRUE,47,133,669,33,47,TRUE,0.17471838,133,669,1,0-10 sec,1.5,0.25,1,0.456221034,1,1
4,4,0.118477,TRUE,57,181,877,33,57,TRUE,0.323638916,365,1828,1,0-10 sec,1.5,0.25,1,0.366077731,0.495890411,0.4797593
4,5,1.90656,TRUE,59,2342,15238,33,59,TRUE,1.820865154,1908,12928,1,0-10 sec,1.5,0.25,1,1.047062709,1.227463312,1.178681931
4,6,0.021274,TRUE,45,39,136,33,45,TRUE,0.121547937,111,466,1,0-10 sec,1.5,0.25,1,0.175025595,0.351351351,0.291845494
4,7,0.0643419,TRUE,56,101,495,33,56,TRUE,0.100777149,134,653,1,0-10 sec,1.5,0.25,1,0.638457236,0.753731343,0.758039816
4,8,0.054899,TRUE,55,74,348,33,55,TRUE,0.106004715,73,348,1,0-10 sec,1.5,0.25,1,0.517892058,1.01369863,1
4,9,1.75704,TRUE,38,2185,13959,33,38,TRUE,1.814030409,1729,10262,1,0-10 sec,1.5,0.25,1,0.968583543,1.263736264,1.360261158
4,10,0.108527,TRUE,48,231,888,33,48,TRUE,0.079031944,50,226,1,0-10 sec,1.5,0.25,1,1.373204232,4.62,3.92920354
5,1,600.012,FALSE,0,474087,2402388,0,53,TRUE,315.5057664,521494,2642840,,Out of Range,1.5,0.5,0.2,,,
5,2,600.006,FALSE,0,456798,2434735,0,82,FALSE,,,,,Out of Range,1.5,0.5,0.2,,,
5,3,600.003,FALSE,0,491729,2792610,0,76,FALSE,,,,,Out of Range,1.5,0.5,0.2,,,
5,4,600.001,FALSE,0,375573,2490365,0,63,FALSE,,,,,Out of Range,1.5,0.5,0.2,,,
5,5,600.041,FALSE,0,412358,2140749,0,76,FALSE,,,,,Out of Range,1.5,0.5,0.2,,,
5,6,600.012,FALSE,0,388941,2405352,0,64,TRUE,556.5774813,792879,4860538,,Out of Range,1.5,0.5,0.2,,,
5,7,600.002,FALSE,0,331647,2348938,0,76,FALSE,,,,,Out of Range,1.5,0.5,0.2,,,
5,8,600.003,FALSE,0,412610,2410211,0,67,FALSE,,,,,Out of Range,1.5,0.5,0.2,,,
5,9,600.005,FALSE,0,451168,2324317,0,49,FALSE,,,,,Out of Range,1.5,0.5,0.2,,,
5,10,600.004,FALSE,0,462893,2263224,0,70,FALSE,,,,,Out of Range,1.5,0.5,0.2,,,
6,1,110.684,TRUE,59,135742,704300,33,59,TRUE,43.27292252,140729,727235,1,1-2 min,1.5,0.5,0.5,2.557811989,0.964563096,0.968462739
6,2,432.534,TRUE,51,267551,1558718,33,51,TRUE,176.0836263,267927,1564487,1,5-10 min,1.5,0.5,0.5,2.456412383,0.998596633,0.996312529
6,3,15.5112,TRUE,48,21836,111408,33,48,TRUE,13.17326736,23123,117803,1,10-60 sec,1.5,0.5,0.5,1.177475533,0.944341132,0.945714455
6,4,37.3437,TRUE,42,43957,248577,33,42,TRUE,29.65118003,43084,243112,1,10-60 sec,1.5,0.5,0.5,1.259433856,1.020262743,1.022479351
6,5,600.985,FALSE,0,389901,1601941,0,67,TRUE,191.4791243,663456,2601473,,Out of Range,1.5,0.5,0.5,,,
6,6,0.637294,TRUE,37,599,4326,33,37,TRUE,0.870868444,657,4759,1,0-10 sec,1.5,0.5,0.5,0.731791357,0.911719939,0.909014499
6,7,614.174,FALSE,0,300544,1600773,0,46,TRUE,112.2585473,344199,1828049,,Out of Range,1.5,0.5,0.5,,,
6,8,24.0061,TRUE,39,34210,186748,33,39,TRUE,14.90714407,24153,130468,1,10-60 sec,1.5,0.5,0.5,1.610375528,1.416387198,1.431370144
6,9,46.1173,TRUE,51,60967,331807,33,51,TRUE,39.60006762,65979,354180,1,10-60 sec,1.5,0.5,0.5,1.164576294,0.924036436,0.936831555
6,10,16.8918,TRUE,61,21999,121055,33,61,TRUE,13.96395421,22447,123383,1,10-60 sec,1.5,0.5,0.5,1.209671684,0.980041876,0.981131923
7,1,0.0788714,TRUE,55,168,633,33,55,TRUE,0.157399893,168,636,1,0-10 sec,1.5,0.5,0.7,0.501089286,1,0.995283019
7,2,0.296354,TRUE,42,360,2097,33,42,TRUE,0.514518023,450,2519,1,0-10 sec,1.5,0.5,0.7,0.57598371,0.8,0.832473204
7,3,0.254398,TRUE,42,328,1847,33,42,TRUE,0.354677916,293,1615,1,0-10 sec,1.5,0.5,0.7,0.717264844,1.119453925,1.143653251
7,4,4.91967,TRUE,44,7596,39197,33,44,TRUE,2.64469409,7669,39481,1,0-10 sec,1.5,0.5,0.7,1.860203801,0.990481158,0.992806666
7,5,14.1998,TRUE,44,18721,95236,33,44,TRUE,6.292776585,18652,94864,1,10-60 sec,1.5,0.5,0.7,2.256523779,1.003699335,1.003921403
7,6,2.04715,TRUE,35,2286,15437,33,35,TRUE,1.247018099,2155,14645,1,0-10 sec,1.5,0.5,0.7,1.641636157,1.060788863,1.054079891
7,7,1.24572,TRUE,50,2145,9845,33,50,TRUE,0.734043598,2142,9832,1,0-10 sec,1.5,0.5,0.7,1.697065411,1.00140056,1.001322213
7,8,7.28153,TRUE,44,9322,53369,33,44,TRUE,6.216233492,8915,51038,1,0-10 sec,1.5,0.5,0.7,1.17137331,1.045653393,1.045671852
7,9,635.077,FALSE,0,501494,1844093,0,60,FALSE,,,,,Out of Range,1.5,0.5,0.7,,,
7,10,639.5,FALSE,0,449495,1978909,0,49,FALSE,,,,,Out of Range,1.5,0.5,0.7,,,
8,1,0.0298704,TRUE,44,39,185,33,44,TRUE,0.106379747,63,339,1,0-10 sec,1.5,0.5,1,0.28079029,0.619047619,0.545722714
8,2,0.158691,TRUE,51,224,1242,33,51,TRUE,0.226305008,159,864,1,0-10 sec,1.5,0.5,1,0.701226196,1.408805031,1.4375
8,3,1.2835,TRUE,53,1430,9931,33,53,TRUE,11.64055777,14612,81629,1,0-10 sec,1.5,0.5,1,0.110261039,0.097864769,0.121660194
8,4,0.0749456,TRUE,48,119,581,33,48,TRUE,1.801438808,1711,10570,1,0-10 sec,1.5,0.5,1,0.041603189,0.069549971,0.054966887
8,5,0.0753476,TRUE,58,127,574,33,58,TRUE,0.307050705,296,1350,1,0-10 sec,1.5,0.5,1,0.245391392,0.429054054,0.425185185
8,6,0.120564,TRUE,47,181,871,33,47,TRUE,0.258296013,180,871,1,0-10 sec,1.5,0.5,1,0.466766787,1.005555556,1
8,7,0.0778946,TRUE,41,105,573,33,41,TRUE,0.170261145,104,573,1,0-10 sec,1.5,0.5,1,0.457500741,1.009615385,1
8,8,0.535577,TRUE,51,707,3756,33,51,TRUE,0.62594986,706,3756,1,0-10 sec,1.5,0.5,1,0.855622845,1.001416431,1
8,9,0.083538,TRUE,39,102,626,33,39,TRUE,0.094765663,103,618,1,0-10 sec,1.5,0.5,1,0.881521823,0.990291262,1.012944984
8,10,0.112612,TRUE,67,143,744,33,67,TRUE,0.097758055,142,751,1,0-10 sec,1.5,0.5,1,1.151945996,1.007042254,0.990679095
9,1,600.003,FALSE,0,299800,1956733,0,83,FALSE,,,,,Out of Range,1.5,0.75,0.2,,,
9,2,600.006,FALSE,0,424980,2319632,0,92,FALSE,,,,,Out of Range,1.5,0.75,0.2,,,
9,3,600.004,FALSE,0,345122,2007431,0,68,FALSE,,,,,Out of Range,1.5,0.75,0.2,,,
9,4,600.008,FALSE,0,315575,2118645,0,71,FALSE,,,,,Out of Range,1.5,0.75,0.2,,,
9,5,600.003,FALSE,0,433174,2302452,0,70,FALSE,,,,,Out of Range,1.5,0.75,0.2,,,
9,6,600.005,FALSE,0,348176,2104638,0,59,FALSE,,,,,Out of Range,1.5,0.75,0.2,,,
9,7,600.008,FALSE,0,316378,2032233,0,63,FALSE,,,,,Out of Range,1.5,0.75,0.2,,,
9,8,600.003,FALSE,0,409285,2346534,0,91,FALSE,,,,,Out of Range,1.5,0.75,0.2,,,
9,9,600.002,FALSE,0,389786,2236463,0,63,FALSE,,,,,Out of Range,1.5,0.75,0.2,,,
9,10,600.003,FALSE,0,320403,2116131,0,88,FALSE,,,,,Out of Range,1.5,0.75,0.2,,,
10,1,600.002,FALSE,0,279094,1669124,0,42,TRUE,357.3127592,499070,2964918,,Out of Range,1.5,0.75,0.5,,,
10,2,600.003,FALSE,0,322376,1249694,0,56,TRUE,258.5039985,447254,1698128,,Out of Range,1.5,0.75,0.5,,,
10,3,655.899,FALSE,0,264902,1255256,0,62,FALSE,,,,,Out of Range,1.5,0.75,0.5,,,
10,4,600.003,FALSE,0,387850,1759619,0,58,TRUE,315.6718671,537306,2427401,,Out of Range,1.5,0.75,0.5,,,
10,5,608.892,FALSE,0,232543,1226231,0,41,TRUE,366.5036547,876071,4799804,,Out of Range,1.5,0.75,0.5,,,
10,6,600.003,FALSE,0,257200,1353160,0,44,FALSE,,,,,Out of Range,1.5,0.75,0.5,,,
10,7,35.8451,TRUE,49,37044,203449,33,49,TRUE,24.68934011,37197,204320,1,10-60 sec,1.5,0.75,0.5,1.451845203,0.995886765,0.995737079
10,8,600.002,FALSE,0,338792,1946861,0,54,FALSE,,,,,Out of Range,1.5,0.75,0.5,,,
10,9,0.11927,TRUE,49,155,801,33,49,TRUE,0.125059843,75,289,1,0-10 sec,1.5,0.75,0.5,0.95370342,2.066666667,2.771626298
10,10,600.014,FALSE,0,287806,1806355,0,41,FALSE,,,,,Out of Range,1.5,0.75,0.5,,,
11,1,2.58421,TRUE,54,3947,17518,33,54,TRUE,2.44666481,4095,18086,1,0-10 sec,1.5,0.75,0.7,1.056217423,0.963858364,0.968594493
11,2,0.08105,TRUE,56,146,556,33,56,TRUE,1.598967314,2933,10908,1,0-10 sec,1.5,0.75,0.7,0.050688966,0.049778384,0.050971764
11,3,15.4645,TRUE,81,20206,92244,33,81,TRUE,8.010982275,23751,106346,1,10-60 sec,1.5,0.75,0.7,1.93041246,0.850743127,0.867395107
11,4,600.002,FALSE,0,315039,1462189,0,63,TRUE,487.8029304,725658,3309528,,Out of Range,1.5,0.75,0.7,,,
11,5,35.7409,TRUE,49,34033,218244,33,49,TRUE,24.59780955,34751,223405,1,10-60 sec,1.5,0.75,0.7,1.453011494,0.979338724,0.976898458
11,6,1.86477,TRUE,44,1707,11168,33,44,TRUE,1.993770838,2108,12984,1,0-10 sec,1.5,0.75,0.7,0.935298062,0.809772296,0.860135551
11,7,106.797,TRUE,36,80516,454995,33,36,TRUE,67.0077033,85236,478236,1,1-2 min,1.5,0.75,0.7,1.593801828,0.944624337,0.951402655
11,8,0.887181,TRUE,62,1701,6172,33,62,TRUE,0.546901941,1687,6043,1,0-10 sec,1.5,0.75,0.7,1.622193914,1.008298755,1.021347013
11,9,0.0525428,TRUE,67,81,344,33,67,TRUE,0.116775274,88,389,1,0-10 sec,1.5,0.75,0.7,0.449947992,0.920454545,0.884318766
11,10,0.129712,TRUE,38,170,831,33,38,TRUE,0.383192778,447,2140,1,0-10 sec,1.5,0.75,0.7,0.338503248,0.380313199,0.388317757
12,1,0.0291562,TRUE,47,40,167,33,47,TRUE,0.064079285,40,176,1,0-10 sec,1.5,0.75,1,0.455001956,1,0.948863636
12,2,0.0400429,TRUE,46,55,269,33,46,TRUE,0.055185795,37,164,1,0-10 sec,1.5,0.75,1,0.725601579,1.486486486,1.640243902
12,3,0.135874,TRUE,37,179,916,33,37,TRUE,0.209252357,172,892,1,0-10 sec,1.5,0.75,1,0.649330798,1.040697674,1.02690583
12,4,0.0713696,TRUE,63,92,480,33,63,TRUE,0.152185202,91,480,1,0-10 sec,1.5,0.75,1,0.468965439,1.010989011,1
12,5,1.20774,TRUE,47,1211,8262,33,47,TRUE,1.659823179,1211,8258,1,0-10 sec,1.5,0.75,1,0.727631723,1,1.000484379
12,6,1.57597,TRUE,53,2295,9923,33,53,TRUE,0.49961853,548,2635,1,0-10 sec,1.5,0.75,1,3.154346577,4.187956204,3.765844402
12,7,1.51752,TRUE,55,2401,11476,33,55,TRUE,1.549799442,1942,9418,1,0-10 sec,1.5,0.75,1,0.979171859,1.236354274,1.218517732
12,8,1.07725,TRUE,35,838,6460,33,35,TRUE,0.085729361,43,240,1,0-10 sec,1.5,0.75,1,12.56570663,19.48837209,26.91666667
12,9,0.0399206,TRUE,52,67,284,33,52,TRUE,0.112382889,66,284,1,0-10 sec,1.5,0.75,1,0.355219557,1.015151515,1
12,10,5.40986,TRUE,57,7643,38695,33,57,TRUE,3.564381123,8574,43307,1,0-10 sec,1.5,0.75,1,1.517755766,0.891415909,0.893504514
13,1,600.004,FALSE,0,273172,1983983,0,58,FALSE,,,,,Out of Range,1.5,1,0.2,,,
13,2,600.003,FALSE,0,298819,2056046,0,62,FALSE,,,,,Out of Range,1.5,1,0.2,,,
13,3,600.002,FALSE,0,313567,1923935,0,76,FALSE,,,,,Out of Range,1.5,1,0.2,,,
13,4,600.003,FALSE,0,393284,2055196,0,72,FALSE,,,,,Out of Range,1.5,1,0.2,,,
13,5,600.018,FALSE,0,306635,2108708,0,67,FALSE,,,,,Out of Range,1.5,1,0.2,,,
13,6,600.018,FALSE,0,291925,2099235,0,64,FALSE,,,,,Out of Range,1.5,1,0.2,,,
13,7,600.008,FALSE,0,321139,2141681,0,77,FALSE,,,,,Out of Range,1.5,1,0.2,,,
13,8,994.293,FALSE,0,172933,1117935,0,106,FALSE,,,,,Out of Range,1.5,1,0.2,,,
13,9,964.882,FALSE,0,174755,1114022,0,71,FALSE,,,,,Out of Range,1.5,1,0.2,,,
13,10,1094.73,FALSE,0,146815,1085303,0,64,FALSE,,,,,Out of Range,1.5,1,0.2,,,
14,1,600.003,FALSE,0,309769,1279125,0,50,FALSE,,,,,Out of Range,1.5,1,0.5,,,
14,2,1035.95,FALSE,0,224775,1186614,0,53,FALSE,,,,,Out of Range,1.5,1,0.5,,,
14,3,887.266,FALSE,0,243855,1167852,0,58,FALSE,,,,,Out of Range,1.5,1,0.5,,,
14,4,692.956,FALSE,0,215378,1179307,0,50,FALSE,,,,,Out of Range,1.5,1,0.5,,,
14,5,10.9476,TRUE,52,7400,48507,33,52,TRUE,6.337008953,7366,48323,1,10-60 sec,1.5,1,0.5,1.727565809,1.004615802,1.003807711
14,6,19.8889,TRUE,35,12988,81837,33,35,TRUE,14.04283142,17663,109462,1,10-60 sec,1.5,1,0.5,1.416302696,0.735322425,0.747629314
14,7,685.607,FALSE,0,204899,1158975,0,50,FALSE,,,,,Out of Range,1.5,1,0.5,,,
14,8,0.363893,TRUE,54,287,1603,33,54,TRUE,1.421920061,1438,8780,1,0-10 sec,1.5,1,0.5,0.255916637,0.199582754,0.182574032
14,9,751.804,FALSE,0,203140,1192894,0,46,FALSE,,,,,Out of Range,1.5,1,0.5,,,
14,10,1007.88,FALSE,0,283703,1205286,0,61,TRUE,119.7046683,321805,1363127,,Out of Range,1.5,1,0.5,,,
15,1,3.89159,TRUE,46,3170,17031,33,46,TRUE,2.407143593,3171,17079,1,0-10 sec,1.5,1,0.7,1.616683779,0.999684642,0.997189531
15,2,1.71624,TRUE,47,932,6730,33,47,TRUE,1.124084234,1008,7105,1,0-10 sec,1.5,1,0.7,1.526789495,0.924603175,0.947220267
15,3,2.76291,TRUE,48,3039,12511,33,48,TRUE,0.341434002,310,1409,1,0-10 sec,1.5,1,0.7,8.092076313,9.803225806,8.879347055
15,4,1.8195,TRUE,48,1471,7740,33,48,TRUE,7.45976162,10264,50036,1,0-10 sec,1.5,1,0.7,0.243908598,0.143316446,0.154688624
15,5,609.424,FALSE,0,271182,1190591,0,58,TRUE,289.6047125,427530,1934038,,Out of Range,1.5,1,0.7,,,
15,6,0.0757825,TRUE,67,96,465,33,67,TRUE,3.574009657,4781,21175,1,0-10 sec,1.5,1,0.7,0.021203776,0.020079481,0.021959858
15,7,0.0238086,TRUE,47,34,135,33,47,TRUE,0.301281452,335,1464,1,0-10 sec,1.5,1,0.7,0.079024447,0.101492537,0.092213115
15,8,600.003,FALSE,0,475791,1768869,0,50,FALSE,,,,,Out of Range,1.5,1,0.7,,,
15,9,0.125998,TRUE,54,145,758,33,54,TRUE,0.176285982,151,775,1,0-10 sec,1.5,1,0.7,0.714736354,0.960264901,0.978064516
15,10,0.280626,TRUE,65,346,1779,33,65,TRUE,0.093661308,82,259,1,0-10 sec,1.5,1,0.7,2.996178529,4.219512195,6.868725869
16,1,2.22048,TRUE,51,2869,13768,33,51,TRUE,2.686653614,3665,17128,1,0-10 sec,1.5,1,1,0.826485405,0.782810368,0.803829986
16,2,0.0882489,TRUE,48,115,587,33,48,TRUE,0.17308259,114,589,1,0-10 sec,1.5,1,1,0.509865839,1.00877193,0.996604414
16,3,0.0621612,TRUE,36,74,368,33,36,TRUE,0.126426697,71,363,1,0-10 sec,1.5,1,1,0.491677798,1.042253521,1.013774105
16,4,0.0678493,TRUE,47,80,429,33,47,TRUE,0.089794636,49,248,1,0-10 sec,1.5,1,1,0.755605268,1.632653061,1.72983871
16,5,0.217436,TRUE,51,285,1556,33,51,TRUE,0.268150568,284,1556,1,0-10 sec,1.5,1,1,0.810872793,1.003521127,1
16,6,0.115658,TRUE,51,97,682,33,51,TRUE,0.108080149,96,686,1,0-10 sec,1.5,1,1,1.070113255,1.010416667,0.994169096
16,7,0.135304,TRUE,34,156,850,33,34,TRUE,0.255762339,151,827,1,0-10 sec,1.5,1,1,0.529022375,1.033112583,1.027811366
16,8,0.130254,TRUE,44,134,787,33,44,TRUE,0.440371037,322,1553,1,0-10 sec,1.5,1,1,0.295782395,0.416149068,0.506761108
16,9,0.0611691,TRUE,44,89,373,33,44,TRUE,0.032954693,34,135,1,0-10 sec,1.5,1,1,1.856157483,2.617647059,2.762962963
16,10,38.5525,TRUE,51,43714,208971,33,51,TRUE,92.69096875,143352,612925,1,10-60 sec,1.5,1,1,0.415925095,0.304941682,0.340940572
17,1,600.002,FALSE,0,361640,1877094,0,64,FALSE,,,,,Out of Range,1.8,0.25,0.2,,,
17,2,25.5336,TRUE,68,47297,203642,33,68,TRUE,24.90478873,47356,203906,1,10-60 sec,1.8,0.25,0.2,1.025248609,0.998754118,0.998705286
17,3,0.0344812,TRUE,60,58,229,33,60,TRUE,0.097541809,63,253,1,0-10 sec,1.8,0.25,0.2,0.353501748,0.920634921,0.90513834
17,4,4.8314,TRUE,49,6245,35752,33,49,TRUE,2.334358215,6256,35804,1,0-10 sec,1.8,0.25,0.2,2.069690919,0.998241688,0.998547648
17,5,19.1331,TRUE,47,28461,131709,33,47,TRUE,7.767572641,28580,132182,1,10-60 sec,1.8,0.25,0.2,2.46320194,0.995836249,0.996421601
17,6,0.0301432,TRUE,63,46,196,33,63,TRUE,0.075646639,45,196,1,0-10 sec,1.8,0.25,0.2,0.398473751,1.022222222,1
17,7,5.83548,TRUE,57,7869,43015,33,57,TRUE,2.689342022,7868,43015,1,0-10 sec,1.8,0.25,0.2,2.16985417,1.000127097,1
17,8,0.758329,TRUE,61,1309,5625,33,61,TRUE,0.927476168,1274,5488,1,0-10 sec,1.8,0.25,0.2,0.8176264,1.027472527,1.024963557
17,9,10.1214,TRUE,48,16452,76299,33,48,TRUE,9.085433006,16451,76299,1,10-60 sec,1.8,0.25,0.2,1.114025055,1.000060787,1
17,10,0.0488151,TRUE,66,73,292,33,66,TRUE,0.05581975,77,317,1,0-10 sec,1.8,0.25,0.2,0.874513053,0.948051948,0.921135647
18,1,1.35335,TRUE,53,2011,10514,33,53,TRUE,1.569504976,2011,10517,1,0-10 sec,1.8,0.25,0.5,0.862278247,1,0.999714748
18,2,1.48285,TRUE,55,2205,11573,33,55,TRUE,1.387732983,2204,11573,1,0-10 sec,1.8,0.25,0.5,1.068541296,1.000453721,1
18,3,0.634318,TRUE,56,1144,4813,33,56,TRUE,0.823556662,1143,4812,1,0-10 sec,1.8,0.25,0.5,0.7702178,1.000874891,1.000207814
18,4,0.184689,TRUE,70,339,1426,33,70,TRUE,0.564466476,663,3107,1,0-10 sec,1.8,0.25,0.5,0.32719215,0.511312217,0.458963631
18,5,1.50685,TRUE,52,2627,12153,33,52,TRUE,1.798676014,2628,12160,1,0-10 sec,1.8,0.25,0.5,0.837755098,0.999619482,0.999424342
18,6,13.5681,TRUE,62,29430,114272,33,62,TRUE,15.4695735,29380,114096,1,10-60 sec,1.8,0.25,0.5,0.877083004,1.001701838,1.001542561
18,7,0.691778,TRUE,48,1166,5282,33,48,TRUE,0.725454807,1165,5282,1,0-10 sec,1.8,0.25,0.5,0.953578353,1.000858369,1
18,8,0.679119,TRUE,52,1445,5654,33,52,TRUE,0.995832682,1459,5690,1,0-10 sec,1.8,0.25,0.5,0.681960948,0.990404387,0.993673111
18,9,0.124388,TRUE,47,185,869,33,47,TRUE,0.220801592,184,869,1,0-10 sec,1.8,0.25,0.5,0.563347387,1.005434783,1
18,10,24.0256,TRUE,49,38903,190741,33,49,TRUE,20.827564,38902,190741,1,10-60 sec,1.8,0.25,0.5,1.15354825,1.000025706,1
19,1,2.6154,TRUE,40,3937,19505,33,40,TRUE,2.611751318,4023,19928,1,0-10 sec,1.8,0.25,0.7,1.001397025,0.978622918,0.978773585
19,2,0.0294966,TRUE,58,49,181,33,58,TRUE,0.070328236,48,181,1,0-10 sec,1.8,0.25,0.7,0.419413335,1.020833333,1
19,3,0.0514569,TRUE,83,72,310,33,83,TRUE,0.05980444,77,314,1,0-10 sec,1.8,0.25,0.7,0.860419394,0.935064935,0.987261146
19,4,0.033555,TRUE,39,41,209,33,39,TRUE,0.070466518,35,184,1,0-10 sec,1.8,0.25,0.7,0.476183597,1.171428571,1.135869565
19,5,0.606598,TRUE,48,742,4084,33,48,TRUE,0.705581427,753,4139,1,0-10 sec,1.8,0.25,0.7,0.859713673,0.985391766,0.986711766
19,6,3.21803,TRUE,49,6797,27864,33,49,TRUE,2.427695274,4309,18011,1,0-10 sec,1.8,0.25,0.7,1.325549394,1.577396148,1.547054578
19,7,1.69207,TRUE,57,3738,14599,33,57,TRUE,2.081663609,3973,15463,1,0-10 sec,1.8,0.25,0.7,0.812845069,0.940850743,0.944124685
19,8,0.116339,TRUE,55,183,786,33,55,TRUE,0.133770227,178,764,1,0-10 sec,1.8,0.25,0.7,0.869692776,1.028089888,1.028795812
19,9,0.268926,TRUE,38,337,1855,33,38,TRUE,0.219914198,320,1743,1,0-10 sec,1.8,0.25,0.7,1.222867839,1.053125,1.064257028
19,10,3.35535,TRUE,47,5543,26360,33,47,TRUE,3.472752333,5542,26360,1,0-10 sec,1.8,0.25,0.7,0.966193289,1.00018044,1
20,1,0.0837241,TRUE,57,131,565,33,57,TRUE,0.105222464,87,373,1,0-10 sec,1.8,0.25,1,0.795686556,1.505747126,1.514745308
20,2,0.0432762,TRUE,70,73,275,33,70,TRUE,0.186068058,202,841,1,0-10 sec,1.8,0.25,1,0.232582639,0.361386139,0.326991677
20,3,0.0607215,TRUE,49,83,378,33,49,TRUE,0.118526697,82,380,1,0-10 sec,1.8,0.25,1,0.512302304,1.012195122,0.994736842
20,4,0.0450035,TRUE,43,53,273,33,43,TRUE,0.050248384,52,272,1,0-10 sec,1.8,0.25,1,0.895620842,1.019230769,1.003676471
20,5,0.0254477,TRUE,61,38,124,33,61,TRUE,0.055291414,44,131,1,0-10 sec,1.8,0.25,1,0.460246866,0.863636364,0.946564885
20,6,0.0519525,TRUE,51,55,266,33,51,TRUE,0.088983536,51,251,1,0-10 sec,1.8,0.25,1,0.58384396,1.078431373,1.059760956
20,7,0.0623221,TRUE,42,94,382,33,42,TRUE,0.058377504,77,320,1,0-10 sec,1.8,0.25,1,1.067570481,1.220779221,1.19375
20,8,0.0703772,TRUE,51,106,461,33,51,TRUE,0.118859291,109,476,1,0-10 sec,1.8,0.25,1,0.592105164,0.972477064,0.968487395
20,9,0.0792673,TRUE,41,100,547,33,41,TRUE,0.087393284,99,541,1,0-10 sec,1.8,0.25,1,0.90701821,1.01010101,1.011090573
20,10,0.0547555,TRUE,37,73,309,33,37,TRUE,0.101916313,72,307,1,0-10 sec,1.8,0.25,1,0.537259428,1.013888889,1.006514658
21,1,768.132,FALSE,0,430865,1608268,0,84,FALSE,,,,,Out of Range,1.8,0.5,0.2,,,
21,2,600.034,FALSE,0,398160,1679571,0,59,TRUE,287.4090767,496543,2088716,,Out of Range,1.8,0.5,0.2,,,
21,3,661.987,FALSE,0,341353,1404858,0,76,FALSE,,,,,Out of Range,1.8,0.5,0.2,,,
21,4,600.005,FALSE,0,274833,1166710,0,70,TRUE,245.6919661,795182,3103423,,Out of Range,1.8,0.5,0.2,,,
21,5,271.949,TRUE,55,114329,575362,33,55,TRUE,67.34917092,114615,576849,1,2-5 min,1.8,0.5,0.2,4.037896774,0.99750469,0.997422202
21,6,1154.52,FALSE,0,38162,204394,0,76,FALSE,,,,,Out of Range,1.8,0.5,0.2,,,
21,7,600.001,FALSE,0,197062,908015,0,65,TRUE,159.8428798,269685,1239056,,Out of Range,1.8,0.5,0.2,,,
21,8,600.003,FALSE,0,203988,1002887,0,62,TRUE,240.2907369,716976,3334426,,Out of Range,1.8,0.5,0.2,,,
21,9,600.004,FALSE,0,186388,936666,0,69,FALSE,,,,,Out of Range,1.8,0.5,0.2,,,
21,10,600.003,FALSE,0,239959,995902,0,69,TRUE,166.520788,531266,2157085,,Out of Range,1.8,0.5,0.2,,,
22,1,0.649799,TRUE,42,519,2385,33,42,TRUE,0.460114479,538,2445,1,0-10 sec,1.8,0.5,0.5,1.412255058,0.964684015,0.975460123
22,2,2.01827,TRUE,45,1387,6339,33,45,TRUE,1.080129147,1449,6613,1,0-10 sec,1.8,0.5,0.5,1.868545077,0.95721187,0.95856646
22,3,602.833,FALSE,0,197223,675839,0,63,FALSE,,,,,Out of Range,1.8,0.5,0.5,,,
22,4,6.37516,TRUE,42,4861,24251,33,42,TRUE,3.286427021,4985,24838,1,0-10 sec,1.8,0.5,0.5,1.939845297,0.975125376,0.976366857
22,5,600.001,FALSE,0,251286,1250464,0,52,TRUE,342.1174932,536376,2658433,,Out of Range,1.8,0.5,0.5,,,
22,6,447.275,TRUE,52,148570,753157,33,52,TRUE,46.35098839,143419,726013,1,5-10 min,1.8,0.5,0.5,9.649740287,1.035915743,1.03738776
22,7,184.372,TRUE,60,78292,353315,33,60,TRUE,33.21352887,102872,459571,1,2-5 min,1.8,0.5,0.5,5.551111438,0.761062291,0.76879307
22,8,600.008,FALSE,0,234033,1148224,0,55,FALSE,,,,,Out of Range,1.8,0.5,0.5,,,
22,9,0.117102,TRUE,76,97,396,33,76,TRUE,0.096842051,69,238,1,0-10 sec,1.8,0.5,0.5,1.209206112,1.405797101,1.663865546
22,10,120.116,TRUE,55,86307,388314,33,55,TRUE,48.62382388,83611,373533,1,2-5 min,1.8,0.5,0.5,2.470311679,1.032244561,1.039570801
23,1,0.0531134,TRUE,63,53,188,33,63,TRUE,0.037454844,52,179,1,0-10 sec,1.8,0.5,0.7,1.41806491,1.019230769,1.05027933
23,2,0.123293,TRUE,53,116,476,33,53,TRUE,0.143478155,131,539,1,0-10 sec,1.8,0.5,0.7,0.859315483,0.885496183,0.883116883
23,3,0.0771762,TRUE,46,74,320,33,46,TRUE,0.127497673,88,390,1,0-10 sec,1.8,0.5,0.7,0.605314577,0.840909091,0.820512821
23,4,1.11665,TRUE,65,960,4537,33,65,TRUE,0.674880266,963,4555,1,0-10 sec,1.8,0.5,0.7,1.654589794,0.996884735,0.996048299
23,5,14.9702,TRUE,52,9323,53439,33,52,TRUE,7.482406139,11435,65935,1,10-60 sec,1.8,0.5,0.7,2.000720052,0.815303892,0.810480018
23,6,5.46324,TRUE,48,8044,26361,33,48,TRUE,2.373471737,9286,30173,1,0-10 sec,1.8,0.5,0.7,2.301792735,0.866250269,0.873661883
23,7,2.20092,TRUE,60,1603,7836,33,60,TRUE,1.312973976,1644,7978,1,0-10 sec,1.8,0.5,0.7,1.67628608,0.975060827,0.982201053
23,8,0.52565,TRUE,48,461,1866,33,48,TRUE,0.386765003,476,1920,1,0-10 sec,1.8,0.5,0.7,1.359094013,0.968487395,0.971875
23,9,9.49303,TRUE,63,7907,36771,33,63,TRUE,9.251637697,13564,64095,1,0-10 sec,1.8,0.5,0.7,1.026091846,0.582940136,0.573695296
23,10,0.0534264,TRUE,61,78,288,33,61,TRUE,0.117379665,65,216,1,0-10 sec,1.8,0.5,0.7,0.455158907,1.2,1.333333333
24,1,0.0603975,TRUE,53,88,319,33,53,TRUE,0.091109276,83,297,1,0-10 sec,1.8,0.5,1,0.662912742,1.060240964,1.074074074
24,2,0.187813,TRUE,58,133,703,33,58,TRUE,0.191981792,130,691,1,0-10 sec,1.8,0.5,1,0.978285482,1.023076923,1.017366136
24,3,0.0655995,TRUE,69,59,237,33,69,TRUE,0.083220243,57,223,1,0-10 sec,1.8,0.5,1,0.78826374,1.035087719,1.062780269
24,4,0.059782,TRUE,53,51,206,33,53,TRUE,0.088810444,52,204,1,0-10 sec,1.8,0.5,1,0.673141551,0.980769231,1.009803922
24,5,0.0541412,TRUE,51,46,171,33,51,TRUE,0.090113878,57,236,1,0-10 sec,1.8,0.5,1,0.600808679,0.807017544,0.724576271
24,6,0.154785,TRUE,56,120,580,33,56,TRUE,0.15722537,123,602,1,0-10 sec,1.8,0.5,1,0.984478523,0.975609756,0.96345515
24,7,0.874127,TRUE,44,712,2939,33,44,TRUE,0.85258913,1185,5125,1,0-10 sec,1.8,0.5,1,1.025261722,0.600843882,0.573463415
24,8,0.0990443,TRUE,38,67,336,33,38,TRUE,0.114880085,63,327,1,0-10 sec,1.8,0.5,1,0.862153784,1.063492063,1.027522936
24,9,0.126668,TRUE,43,98,537,33,43,TRUE,0.141373396,68,338,1,0-10 sec,1.8,0.5,1,0.895981872,1.441176471,1.588757396
24,10,0.0528158,TRUE,53,49,204,33,53,TRUE,0.071331501,87,446,1,0-10 sec,1.8,0.5,1,0.740427431,0.563218391,0.457399103
25,1,600.002,FALSE,0,203807,1110936,0,93,FALSE,,,,,Out of Range,1.8,0.75,0.2,,,
25,2,600.002,FALSE,0,218359,1017405,0,75,FALSE,,,,,Out of Range,1.8,0.75,0.2,,,
25,3,600.695,FALSE,0,173568,965684,0,76,FALSE,,,,,Out of Range,1.8,0.75,0.2,,,
25,4,600.002,FALSE,0,226593,1151631,0,81,FALSE,,,,,Out of Range,1.8,0.75,0.2,,,
25,5,600.009,FALSE,0,208637,1144973,0,72,FALSE,,,,,Out of Range,1.8,0.75,0.2,,,
25,6,1236.88,FALSE,0,224721,1213131,0,58,FALSE,,,,,Out of Range,1.8,0.75,0.2,,,
25,7,600.004,FALSE,0,215615,1040303,0,95,FALSE,,,,,Out of Range,1.8,0.75,0.2,,,
25,8,600.001,FALSE,0,204330,1150514,0,69,FALSE,,,,,Out of Range,1.8,0.75,0.2,,,
25,9,1096,FALSE,0,310708,1253953,0,84,FALSE,,,,,Out of Range,1.8,0.75,0.2,,,
25,10,622.907,FALSE,0,223277,1172577,0,58,FALSE,,,,,Out of Range,1.8,0.75,0.2,,,
26,1,4.86728,TRUE,59,8658,31735,33,59,TRUE,5.165003538,9610,35164,1,0-10 sec,1.8,0.75,0.5,0.942357535,0.900936524,0.902485497
26,2,0.0567964,TRUE,40,43,165,33,40,TRUE,0.066634417,41,140,1,0-10 sec,1.8,0.75,0.5,0.852358324,1.048780488,1.178571429
26,3,0.0704498,TRUE,58,115,424,33,58,TRUE,0.085078478,65,237,1,0-10 sec,1.8,0.75,0.5,0.828056656,1.769230769,1.789029536
26,4,0.0690838,TRUE,62,80,382,33,62,TRUE,0.125094175,231,1036,1,0-10 sec,1.8,0.75,0.5,0.552254332,0.346320346,0.368725869
26,5,688.542,FALSE,0,416581,1505496,0,74,FALSE,,,,,Out of Range,1.8,0.75,0.5,,,
26,6,5.05966,TRUE,53,6555,30672,33,53,TRUE,4.044103861,6535,30369,1,0-10 sec,1.8,0.75,0.5,1.251120192,1.003060444,1.009977279
26,7,0.244038,TRUE,56,237,1139,33,56,TRUE,0.215677977,388,1935,1,0-10 sec,1.8,0.75,0.5,1.131492438,0.610824742,0.588630491
26,8,8.86064,TRUE,66,11751,50119,33,66,TRUE,7.62411809,12190,51943,1,0-10 sec,1.8,0.75,0.5,1.162185566,0.963986874,0.964884585
26,9,18.0042,TRUE,43,19447,99322,33,43,TRUE,13.75263548,19994,102058,1,10-60 sec,1.8,0.75,0.5,1.309145438,0.972641793,0.973191715
26,10,59.2629,TRUE,49,58260,324431,33,49,TRUE,50.51591969,67163,374533,1,10-60 sec,1.8,0.75,0.5,1.173152946,0.867441895,0.866228076
27,1,0.0880935,TRUE,43,113,560,33,43,TRUE,0.326598406,112,553,1,0-10 sec,1.8,0.75,0.7,0.269730343,1.008928571,1.012658228
27,2,0.281491,TRUE,58,367,1649,33,58,TRUE,0.363126516,383,1721,1,0-10 sec,1.8,0.75,0.7,0.775187125,0.958224543,0.958163858
27,3,0.444502,TRUE,60,567,2405,33,60,TRUE,0.415941238,970,4204,1,0-10 sec,1.8,0.75,0.7,1.068665377,0.584536082,0.572074215
27,4,0.0272452,TRUE,64,52,148,33,64,TRUE,0.079507828,61,215,1,0-10 sec,1.8,0.75,0.7,0.342673177,0.852459016,0.688372093
27,5,0.148179,TRUE,49,217,897,33,49,TRUE,1.004534245,1344,6002,1,0-10 sec,1.8,0.75,0.7,0.147510153,0.161458333,0.149450183
27,6,0.0354785,TRUE,59,49,189,33,59,TRUE,0.041304588,49,190,1,0-10 sec,1.8,0.75,0.7,0.858948163,1,0.994736842
27,7,2.97346,TRUE,49,4361,20304,33,49,TRUE,2.890151739,4447,20670,1,0-10 sec,1.8,0.75,0.7,1.028824874,0.98066112,0.982293179
27,8,0.0388255,TRUE,66,52,203,33,66,TRUE,0.073067188,101,436,1,0-10 sec,1.8,0.75,0.7,0.531367103,0.514851485,0.46559633
27,9,0.0656024,TRUE,55,124,404,33,55,TRUE,0.155835867,165,556,1,0-10 sec,1.8,0.75,0.7,0.420971123,0.751515152,0.726618705
27,10,0.290985,TRUE,62,337,1621,33,62,TRUE,0.920423508,1048,4847,1,0-10 sec,1.8,0.75,0.7,0.316142512,0.321564885,0.33443367
28,1,0.0279111,TRUE,69,34,150,33,69,TRUE,0.05622673,34,134,1,0-10 sec,1.8,0.75,1,0.49640269,1,1.119402985
28,2,0.0303836,TRUE,57,46,178,33,57,TRUE,0.52383852,58,245,1,0-10 sec,1.8,0.75,1,0.058001844,0.793103448,0.726530612
28,3,0.0695662,TRUE,40,95,429,33,40,TRUE,0.082247496,51,211,1,0-10 sec,1.8,0.75,1,0.845815415,1.862745098,2.033175355
28,4,0.0353285,TRUE,49,61,193,33,49,TRUE,0.097376585,70,268,1,0-10 sec,1.8,0.75,1,0.362802824,0.871428571,0.720149254
28,5,0.0279944,TRUE,73,47,151,33,73,TRUE,0.066527367,46,151,1,0-10 sec,1.8,0.75,1,0.42079525,1.02173913,1
28,6,0.0194417,TRUE,55,36,111,33,55,TRUE,0.058684349,42,131,1,0-10 sec,1.8,0.75,1,0.331292761,0.857142857,0.847328244
28,7,0.0668374,TRUE,48,94,376,33,48,TRUE,0.140667439,90,363,1,0-10 sec,1.8,0.75,1,0.475144785,1.044444444,1.035812672
28,8,0.0437138,TRUE,53,54,232,33,53,TRUE,0.088715792,53,231,1,0-10 sec,1.8,0.75,1,0.492739782,1.018867925,1.004329004
28,9,0.0286579,TRUE,62,43,156,33,62,TRUE,0.068491697,42,156,1,0-10 sec,1.8,0.75,1,0.41841422,1.023809524,1
28,10,0.0430062,TRUE,59,64,247,33,59,TRUE,0.095534086,63,247,1,0-10 sec,1.8,0.75,1,0.450166028,1.015873016,1
29,1,602.604,FALSE,0,208312,1153665,0,85,FALSE,,,,,Out of Range,1.8,1,0.2,,,
29,2,600,FALSE,0,214788,1214981,0,90,FALSE,,,,,5-10 min,1.8,1,0.2,,,
29,3,613.559,FALSE,0,201989,1146540,0,78,FALSE,,,,,Out of Range,1.8,1,0.2,,,
29,4,708.864,FALSE,0,228211,1098194,0,103,FALSE,,,,,Out of Range,1.8,1,0.2,,,
29,5,784.832,FALSE,0,217654,1163442,0,98,FALSE,,,,,Out of Range,1.8,1,0.2,,,
29,6,696.94,FALSE,0,210627,1136812,0,92,FALSE,,,,,Out of Range,1.8,1,0.2,,,
29,7,788.018,FALSE,0,228102,1146231,0,73,FALSE,,,,,Out of Range,1.8,1,0.2,,,
29,8,30659.6,FALSE,0,44419,286443,0,80,FALSE,,,,,Out of Range,1.8,1,0.2,,,
29,9,600.012,FALSE,0,187450,1027525,0,97,FALSE,,,,,Out of Range,1.8,1,0.2,,,
29,10,600.005,FALSE,0,290635,1080775,0,76,FALSE,,,,,Out of Range,1.8,1,0.2,,,
30,1,600.003,FALSE,0,212508,1052234,0,47,FALSE,,,,,Out of Range,1.8,1,0.5,,,
30,2,600.001,FALSE,0,249171,1072955,0,68,TRUE,595.4349904,817899,3389187,,Out of Range,1.8,1,0.5,,,
30,3,600.001,FALSE,0,270890,1039148,0,55,TRUE,499.8981924,761793,2840291,,Out of Range,1.8,1,0.5,,,
30,4,210.27,TRUE,53,107928,435559,33,53,TRUE,44.81378818,116585,470597,1,2-5 min,1.8,1,0.5,4.692082695,0.925745164,0.925545637
30,5,30.5127,TRUE,54,20804,92375,33,54,TRUE,14.79060078,21877,97231,1,10-60 sec,1.8,1,0.5,2.062979081,0.950953056,0.950057081
30,6,600.001,FALSE,0,260443,1071698,0,62,FALSE,,,,,Out of Range,1.8,1,0.5,,,
30,7,28.8382,TRUE,68,22145,92241,33,68,TRUE,15.41861463,22360,93217,1,10-60 sec,1.8,1,0.5,1.870349619,0.990384615,0.989529807
30,8,353.03,TRUE,46,132326,671519,33,46,TRUE,167.1889668,204820,1011924,1,5-10 min,1.8,1,0.5,2.111562783,0.646059955,0.66360616
30,9,374.535,TRUE,46,127550,651226,33,46,TRUE,98.02174807,132783,675542,1,5-10 min,1.8,1,0.5,3.820937775,0.960589835,0.964005199
30,10,600.003,FALSE,0,254029,1155967,0,53,FALSE,,,,,Out of Range,1.8,1,0.5,,,
31,1,0.239321,TRUE,43,160,797,33,43,TRUE,0.285718918,237,1121,1,0-10 sec,1.8,1,0.7,0.83760992,0.675105485,0.710972346
31,2,1.47267,TRUE,63,789,4522,33,63,TRUE,1.876605988,1988,11933,1,0-10 sec,1.8,1,0.7,0.784751839,0.396881288,0.378949133
31,3,0.19226,TRUE,58,134,598,33,58,TRUE,0.184993744,131,617,1,0-10 sec,1.8,1,0.7,1.039278388,1.022900763,0.969205835
31,4,0.579712,TRUE,50,429,2128,33,50,TRUE,0.322797537,650,3188,1,0-10 sec,1.8,1,0.7,1.7958997,0.66,0.667503137
31,5,46.5339,TRUE,52,49822,156726,33,52,TRUE,26.58922172,48080,149439,1,10-60 sec,1.8,1,0.7,1.750103876,1.036231281,1.048762371
31,6,0.14396,TRUE,53,87,478,33,53,TRUE,0.84264946,1405,4587,1,0-10 sec,1.8,1,0.7,0.170842096,0.061921708,0.104207543
31,7,0.108705,TRUE,61,89,393,33,61,TRUE,0.153025866,101,444,1,0-10 sec,1.8,1,0.7,0.710370102,0.881188119,0.885135135
31,8,0.108697,TRUE,58,100,385,33,58,TRUE,0.048449755,69,232,1,0-10 sec,1.8,1,0.7,2.243499477,1.449275362,1.659482759
31,9,600.006,FALSE,0,261297,1094569,0,50,TRUE,372.8760912,505364,2107641,,Out of Range,1.8,1,0.7,,,
31,10,600.004,FALSE,0,285085,1232368,0,55,FALSE,,,,,Out of Range,1.8,1,0.7,,,
32,1,0.0579938,TRUE,61,50,178,33,61,TRUE,0.079329491,54,193,1,0-10 sec,1.8,1,1,0.731049692,0.925925926,0.922279793
32,2,0.0776622,TRUE,60,61,269,33,60,TRUE,0.248790026,207,986,1,0-10 sec,1.8,1,1,0.31215962,0.29468599,0.272819473
32,3,0.0459847,TRUE,57,45,153,33,57,TRUE,0.153373241,85,347,1,0-10 sec,1.8,1,1,0.299822183,0.529411765,0.44092219
32,4,0.0500221,TRUE,68,40,158,33,68,TRUE,0.092031479,40,144,1,0-10 sec,1.8,1,1,0.543532502,1,1.097222222
32,5,0.132951,TRUE,54,81,398,33,54,TRUE,0.134355783,78,388,1,0-10 sec,1.8,1,1,0.989544306,1.038461538,1.025773196
32,6,0.962585,TRUE,44,529,2555,33,44,TRUE,0.12580061,87,374,1,0-10 sec,1.8,1,1,7.651671959,6.08045977,6.831550802
32,7,0.0629341,TRUE,35,50,220,33,35,TRUE,0.183054209,50,221,1,0-10 sec,1.8,1,1,0.343800344,1,0.995475113
32,8,0.0857313,TRUE,54,51,199,33,54,TRUE,0.081467628,48,195,1,0-10 sec,1.8,1,1,1.052335782,1.0625,1.020512821
32,9,0.12867,TRUE,65,110,451,33,65,TRUE,0.145477057,107,435,1,0-10 sec,1.8,1,1,0.884469363,1.028037383,1.036781609
32,10,0.0645034,TRUE,51,66,291,33,51,TRUE,0.054599762,55,249,1,0-10 sec,1.8,1,1,1.181386102,1.2,1.168674699
33,1,1.50067,TRUE,65,1479,5865,33,65,TRUE,0.870635509,1481,5877,1,0-10 sec,2.1,0.25,0.2,1.723648972,0.998649561,0.997958142
33,2,1.50951,TRUE,60,2215,8535,33,60,TRUE,0.674658298,2214,8535,1,0-10 sec,2.1,0.25,0.2,2.237443761,1.000451671,1
33,3,41.4929,TRUE,55,44040,195044,33,55,TRUE,23.90224409,45129,198986,1,10-60 sec,2.1,0.25,0.2,1.735941606,0.975869175,0.980189561
33,4,2.09647,TRUE,77,2554,11256,33,77,TRUE,1.582424164,2896,12531,1,0-10 sec,2.1,0.25,0.2,1.324847059,0.881906077,0.898252334
33,5,1.09828,TRUE,53,1386,6078,33,53,TRUE,0.981085062,1328,5899,1,0-10 sec,2.1,0.25,0.2,1.119454411,1.043674699,1.030344126
33,6,0.138569,TRUE,59,212,736,33,59,TRUE,0.165880919,209,732,1,0-10 sec,2.1,0.25,0.2,0.835352257,1.014354067,1.005464481
33,7,0.0600976,TRUE,58,80,268,33,58,TRUE,0.061961889,38,140,1,0-10 sec,2.1,0.25,0.2,0.969912328,2.105263158,1.914285714
33,8,9.52699,TRUE,61,14868,46678,33,61,TRUE,3.242918968,15052,47217,1,0-10 sec,2.1,0.25,0.2,2.937782317,0.987775711,0.98858462
33,9,4.25195,TRUE,65,3677,14550,33,65,TRUE,1.849714041,3678,14560,1,0-10 sec,2.1,0.25,0.2,2.298706668,0.999728113,0.999313187
33,10,0.0524776,TRUE,53,77,281,33,53,TRUE,0.14877224,115,466,1,0-10 sec,2.1,0.25,0.2,0.352737849,0.669565217,0.603004292
34,1,4.3802,TRUE,68,6440,24543,33,68,TRUE,1.819306612,6215,23768,1,0-10 sec,2.1,0.25,0.5,2.407620558,1.036202735,1.032606866
34,2,0.0922687,TRUE,44,121,429,33,44,TRUE,0.118938923,120,429,1,0-10 sec,2.1,0.25,0.5,0.77576539,1.008333333,1
34,3,0.410891,TRUE,69,511,1954,33,69,TRUE,0.383578062,561,2253,1,0-10 sec,2.1,0.25,0.5,1.071205683,0.91087344,0.86728806
34,4,0.0475562,TRUE,67,57,204,33,67,TRUE,0.045385361,56,204,1,0-10 sec,2.1,0.25,0.5,1.04783126,1.017857143,1
34,5,7.15644,TRUE,63,10673,38213,33,63,TRUE,4.575040817,9480,34603,1,0-10 sec,2.1,0.25,0.5,1.564235225,1.125843882,1.104326214
34,6,0.861353,TRUE,52,1093,4397,33,52,TRUE,0.708034515,1092,4397,1,0-10 sec,2.1,0.25,0.5,1.216540976,1.000915751,1
34,7,10.9229,TRUE,58,18273,62093,33,58,TRUE,8.253715515,17741,61032,1,10-60 sec,2.1,0.25,0.5,1.323391869,1.029987036,1.017384323
34,8,2.8427,TRUE,58,3099,13690,33,58,TRUE,1.318954229,3098,13690,1,0-10 sec,2.1,0.25,0.5,2.155268119,1.000322789,1
34,9,0.0228534,TRUE,60,38,110,33,60,TRUE,0.046811104,40,122,1,0-10 sec,2.1,0.25,0.5,0.488204679,0.95,0.901639344
34,10,0.0413254,TRUE,47,47,199,33,47,TRUE,0.08160305,46,199,1,0-10 sec,2.1,0.25,0.5,0.506419797,1.02173913,1
35,1,0.0338434,TRUE,57,43,154,33,57,TRUE,0.066144228,44,158,1,0-10 sec,2.1,0.25,0.7,0.51166067,0.977272727,0.974683544
35,2,0.0474639,TRUE,53,59,241,33,53,TRUE,0.091799736,58,241,1,0-10 sec,2.1,0.25,0.7,0.517037435,1.017241379,1
35,3,0.0409477,TRUE,60,46,150,33,60,TRUE,0.066695452,48,157,1,0-10 sec,2.1,0.25,0.7,0.613950408,0.958333333,0.955414013
35,4,0.698519,TRUE,50,693,3038,33,50,TRUE,0.315892935,692,3038,1,0-10 sec,2.1,0.25,0.7,2.211252366,1.001445087,1
35,5,0.0305588,TRUE,60,34,92,33,60,TRUE,0.046567202,33,92,1,0-10 sec,2.1,0.25,0.7,0.656230108,1.03030303,1
35,6,0.144882,TRUE,58,121,478,33,58,TRUE,0.149774075,122,487,1,0-10 sec,2.1,0.25,0.7,0.967336971,0.991803279,0.981519507
35,7,0.109551,TRUE,61,116,393,33,61,TRUE,0.109873295,115,393,1,0-10 sec,2.1,0.25,0.7,0.997066667,1.008695652,1
35,8,0.0495413,TRUE,63,42,161,33,63,TRUE,0.069643259,43,165,1,0-10 sec,2.1,0.25,0.7,0.711358152,0.976744186,0.975757576
35,9,0.143426,TRUE,59,149,581,33,59,TRUE,0.139367104,148,581,1,0-10 sec,2.1,0.25,0.7,1.029123774,1.006756757,1
35,10,1.21225,TRUE,59,1489,5469,33,59,TRUE,0.498729467,1488,5469,1,0-10 sec,2.1,0.25,0.7,2.430676509,1.000672043,1
36,1,0.0612309,TRUE,66,53,223,33,66,TRUE,0.082801819,51,202,1,0-10 sec,2.1,0.25,1,0.739487378,1.039215686,1.103960396
36,2,0.0491112,TRUE,44,59,233,33,44,TRUE,0.047916174,58,231,1,0-10 sec,2.1,0.25,1,1.024939929,1.017241379,1.008658009
36,3,0.034757,TRUE,61,42,156,33,61,TRUE,0.086769581,75,250,1,0-10 sec,2.1,0.25,1,0.400566646,0.56,0.624
36,4,0.02381,TRUE,59,35,112,33,59,TRUE,0.081613541,62,210,1,0-10 sec,2.1,0.25,1,0.291740803,0.564516129,0.533333333
36,5,0.0931384,TRUE,64,136,499,33,64,TRUE,0.077173471,62,207,1,0-10 sec,2.1,0.25,1,1.206870687,2.193548387,2.410628019
36,6,0.0463863,TRUE,46,66,238,33,46,TRUE,0.050866127,65,239,1,0-10 sec,2.1,0.25,1,0.911929072,1.015384615,0.9958159
36,7,0.0462718,TRUE,56,61,232,33,56,TRUE,0.07878089,49,192,1,0-10 sec,2.1,0.25,1,0.587348023,1.244897959,1.208333333
36,8,0.0452991,TRUE,63,55,190,33,63,TRUE,0.065531731,48,162,1,0-10 sec,2.1,0.25,1,0.69125444,1.145833333,1.172839506
36,9,0.0587386,TRUE,59,56,229,33,59,TRUE,0.040015936,44,172,1,0-10 sec,2.1,0.25,1,1.467880197,1.272727273,1.331395349
36,10,0.0906859,TRUE,59,82,326,33,59,TRUE,0.110429049,81,326,1,0-10 sec,2.1,0.25,1,0.821214172,1.012345679,1
37,1,600.005,FALSE,0,348955,1357086,0,79,FALSE,,,,,Out of Range,2.1,0.5,0.2,,,
37,2,600.009,FALSE,0,355751,1349548,0,69,TRUE,301.2338541,521725,1958587,,Out of Range,2.1,0.5,0.2,,,
37,3,1165.04,FALSE,0,327647,1324572,0,81,TRUE,340.736954,1075080,4245206,,Out of Range,2.1,0.5,0.2,,,
37,4,600.001,FALSE,0,266834,1082831,0,83,FALSE,,,,,Out of Range,2.1,0.5,0.2,,,
37,5,21.5438,TRUE,80,22070,86552,33,80,TRUE,12.06541419,22353,87738,1,10-60 sec,2.1,0.5,0.2,1.785583127,0.987339507,0.986482482
37,6,93.5212,TRUE,73,90780,311057,33,73,TRUE,45.83840132,90021,308618,1,1-2 min,2.1,0.5,0.2,2.040236948,1.008431366,1.007902974
37,7,600.002,FALSE,0,284059,1197141,0,92,FALSE,,,,,Out of Range,2.1,0.5,0.2,,,
37,8,199.966,TRUE,72,127520,454421,33,72,TRUE,33.64737058,127552,454580,1,2-5 min,2.1,0.5,0.2,5.94299039,0.999749122,0.999650227
37,9,115.15,TRUE,57,87272,353603,33,57,TRUE,48.19345474,87392,353989,1,1-2 min,2.1,0.5,0.2,2.389328605,0.998626877,0.998909571
37,10,600.001,FALSE,0,333785,1155455,0,81,FALSE,,,,,Out of Range,2.1,0.5,0.2,,,
38,1,0.407572,TRUE,48,386,1623,33,48,TRUE,0.233927488,454,1917,1,0-10 sec,2.1,0.5,0.5,1.742300588,0.850220264,0.846635368
38,2,4.47525,TRUE,54,4646,20025,33,54,TRUE,3.369211912,5511,22861,1,0-10 sec,2.1,0.5,0.5,1.328277982,0.84304119,0.875945934
38,3,4.13077,TRUE,59,3985,17678,33,59,TRUE,2.513138533,4030,17856,1,0-10 sec,2.1,0.5,0.5,1.643669836,0.988833747,0.990031362
38,4,0.206372,TRUE,59,241,903,33,59,TRUE,0.228720188,240,897,1,0-10 sec,2.1,0.5,0.5,0.902290269,1.004166667,1.006688963
38,5,117.971,TRUE,71,116618,407875,33,71,TRUE,32.02753282,123334,428896,1,1-2 min,2.1,0.5,0.5,3.683424529,0.94554624,0.950988118
38,6,2.09992,TRUE,63,2076,7172,33,63,TRUE,0.242331982,704,2435,1,0-10 sec,2.1,0.5,0.5,8.665467854,2.948863636,2.945379877
38,7,1.13692,TRUE,65,830,4050,33,65,TRUE,0.275960207,613,2984,1,0-10 sec,2.1,0.5,0.5,4.119869355,1.353996737,1.357238606
38,8,6.3399,TRUE,61,8712,28853,33,61,TRUE,2.491263866,8732,28907,1,0-10 sec,2.1,0.5,0.5,2.54485287,0.997709574,0.99813194
38,9,6.03846,TRUE,63,6740,26039,33,63,TRUE,3.529415846,6358,24640,1,0-10 sec,2.1,0.5,0.5,1.710895022,1.060081787,1.056777597
38,10,7.15594,TRUE,60,7407,32462,33,60,TRUE,4.26235199,7409,32477,1,0-10 sec,2.1,0.5,0.5,1.6788712,0.999730058,0.999538135
39,1,0.0350085,TRUE,55,42,158,33,55,TRUE,0.079933882,60,221,1,0-10 sec,2.1,0.5,0.7,0.43796822,0.7,0.714932127
39,2,0.0463525,TRUE,54,70,234,33,54,TRUE,0.051148176,81,289,1,0-10 sec,2.1,0.5,0.7,0.90623955,0.864197531,0.809688581
39,3,0.13718,TRUE,54,164,683,33,54,TRUE,0.099899054,162,679,1,0-10 sec,2.1,0.5,0.7,1.373186177,1.012345679,1.005891016
39,4,0.0488146,TRUE,53,56,227,33,53,TRUE,0.216107607,180,759,1,0-10 sec,2.1,0.5,0.7,0.225880989,0.311111111,0.299077734
39,5,0.0398076,TRUE,55,44,167,33,55,TRUE,0.084539652,60,232,1,0-10 sec,2.1,0.5,0.7,0.470874898,0.733333333,0.719827586
39,6,0.265699,TRUE,69,263,1244,33,69,TRUE,0.200895309,168,735,1,0-10 sec,2.1,0.5,0.7,1.322574436,1.56547619,1.692517007
39,7,531.444,TRUE,56,429180,1177784,33,56,TRUE,191.3592095,428577,1175898,1,5-10 min,2.1,0.5,0.7,2.777206289,1.001406982,1.001603881
39,8,0.0376167,TRUE,67,45,171,33,67,TRUE,0.065732956,39,145,1,0-10 sec,2.1,0.5,0.7,0.572265455,1.153846154,1.179310345
39,9,1.15647,TRUE,64,1978,6384,33,64,TRUE,0.583477497,1981,6398,1,0-10 sec,2.1,0.5,0.7,1.982030166,0.998485613,0.997811816
39,10,8.06774,TRUE,60,13802,37363,33,60,TRUE,2.935332775,13919,37684,1,0-10 sec,2.1,0.5,0.7,2.74849246,0.991594224,0.991481796
40,1,0.0712031,TRUE,51,47,175,33,51,TRUE,0.069033146,43,158,1,0-10 sec,2.1,0.5,1,1.031433509,1.093023256,1.107594937
40,2,0.0838718,TRUE,56,60,248,33,56,TRUE,0.11469841,72,300,1,0-10 sec,2.1,0.5,1,0.731237687,0.833333333,0.826666667
40,3,0.0740733,TRUE,57,60,234,33,57,TRUE,0.08186841,51,203,1,0-10 sec,2.1,0.5,1,0.904784886,1.176470588,1.15270936
40,4,0.0490493,TRUE,57,39,136,33,57,TRUE,0.096786737,57,249,1,0-10 sec,2.1,0.5,1,0.50677708,0.684210526,0.546184739
40,5,0.161755,TRUE,65,123,573,33,65,TRUE,0.068985939,39,156,1,0-10 sec,2.1,0.5,1,2.344753182,3.153846154,3.673076923
40,6,0.0669948,TRUE,60,74,247,33,60,TRUE,0.092230558,173,691,1,0-10 sec,2.1,0.5,1,0.726383982,0.427745665,0.357452967
40,7,0.0640376,TRUE,46,54,224,33,46,TRUE,0.097420216,53,224,1,0-10 sec,2.1,0.5,1,0.657333792,1.018867925,1
40,8,0.0728292,TRUE,57,70,258,33,57,TRUE,0.055211306,69,258,1,0-10 sec,2.1,0.5,1,1.319099389,1.014492754,1
40,9,0.0562836,TRUE,64,49,186,33,64,TRUE,0.042987347,48,190,1,0-10 sec,2.1,0.5,1,1.309306201,1.020833333,0.978947368
40,10,0.113191,TRUE,51,97,377,33,51,TRUE,0.127107382,98,385,1,0-10 sec,2.1,0.5,1,0.890514762,0.989795918,0.979220779
41,1,600.005,FALSE,0,266355,1027874,0,86,FALSE,,,,,Out of Range,2.1,0.75,0.2,,,
41,2,1232.63,FALSE,0,332660,1178720,0,89,FALSE,,,,,Out of Range,2.1,0.75,0.2,,,
41,3,606.407,FALSE,0,151225,580927,0,85,FALSE,,,,,Out of Range,2.1,0.75,0.2,,,
41,4,600.001,FALSE,0,181251,815308,0,78,FALSE,,,,,Out of Range,2.1,0.75,0.2,,,
41,5,600.023,FALSE,0,267683,1060207,0,99,FALSE,,,,,Out of Range,2.1,0.75,0.2,,,
41,6,963.531,FALSE,0,239016,1156226,0,103,FALSE,,,,,Out of Range,2.1,0.75,0.2,,,
41,7,786.202,FALSE,0,219998,1169199,0,92,FALSE,,,,,Out of Range,2.1,0.75,0.2,,,
41,8,1108.93,FALSE,0,303509,1225017,0,88,FALSE,,,,,Out of Range,2.1,0.75,0.2,,,
41,9,600.002,FALSE,0,214301,892201,0,92,FALSE,,,,,Out of Range,2.1,0.75,0.2,,,
41,10,600.004,FALSE,0,196647,953591,0,99,FALSE,,,,,Out of Range,2.1,0.75,0.2,,,
42,1,0.287335,TRUE,58,162,726,33,58,TRUE,0.236703873,227,959,1,0-10 sec,2.1,0.75,0.5,1.213900712,0.713656388,0.757038582
42,2,107.821,TRUE,50,56486,271764,33,50,TRUE,40.49095321,59129,284411,1,1-2 min,2.1,0.75,0.5,2.662841733,0.955301121,0.955532662
42,3,31.2502,TRUE,60,22159,89826,33,60,TRUE,7.061643839,21352,87439,1,10-60 sec,2.1,0.75,0.5,4.425343548,1.037795054,1.027299031
42,4,90.498,TRUE,49,51035,225602,33,49,TRUE,31.97506261,51653,228255,1,1-2 min,2.1,0.75,0.5,2.830268109,0.988035545,0.988377034
42,5,0.146157,TRUE,52,120,522,33,52,TRUE,0.203500032,150,709,1,0-10 sec,2.1,0.75,0.5,0.718216103,0.8,0.736248237
42,6,10.9515,TRUE,66,8247,35575,33,66,TRUE,3.054636478,8591,37079,1,10-60 sec,2.1,0.75,0.5,3.585205663,0.959958096,0.959437957
42,7,260.875,TRUE,66,135628,493468,33,66,TRUE,73.9983933,128879,469572,1,2-5 min,2.1,0.75,0.5,3.525414382,1.052366949,1.050888895
42,8,600.001,FALSE,0,244239,885652,0,82,FALSE,,,,,Out of Range,2.1,0.75,0.5,,,
42,9,82.5962,TRUE,60,36281,174907,33,60,TRUE,23.91924286,36470,176335,1,1-2 min,2.1,0.75,0.5,3.453127697,0.994817658,0.991901778
42,10,0.0830489,TRUE,75,56,209,33,75,TRUE,0.065517664,85,331,1,0-10 sec,2.1,0.75,0.5,1.267580297,0.658823529,0.63141994
43,1,600.001,FALSE,0,234724,971545,0,55,TRUE,278.7696733,547286,2275040,,Out of Range,2.1,0.75,0.7,,,
43,2,0.049172,TRUE,43,44,165,33,43,TRUE,0.049643993,55,219,1,0-10 sec,2.1,0.75,0.7,0.990492445,0.8,0.753424658
43,3,0.854514,TRUE,57,646,2743,33,57,TRUE,0.592165947,674,2895,1,0-10 sec,2.1,0.75,0.7,1.443031306,0.958456973,0.947495682
43,4,2.38224,TRUE,67,2292,8265,33,67,TRUE,0.034730196,36,123,1,0-10 sec,2.1,0.75,0.7,68.59276003,63.66666667,67.19512195
43,5,75.5251,TRUE,64,53822,210049,33,64,TRUE,34.4870317,55842,218370,1,1-2 min,2.1,0.75,0.7,2.189956522,0.963826511,0.961894949
43,6,2.83341,TRUE,58,2059,7806,33,58,TRUE,1.245882511,2032,7664,1,0-10 sec,2.1,0.75,0.7,2.274219258,1.013287402,1.018528184
43,7,0.124745,TRUE,52,73,308,33,52,TRUE,0.106307268,74,286,1,0-10 sec,2.1,0.75,0.7,1.173438113,0.986486486,1.076923077
43,8,0.366387,TRUE,62,560,1666,33,62,TRUE,0.111230135,121,362,1,0-10 sec,2.1,0.75,0.7,3.293954467,4.628099174,4.602209945
43,9,34.9326,TRUE,57,25918,90308,33,57,TRUE,13.61806226,25897,90329,1,10-60 sec,2.1,0.75,0.7,2.565166713,1.000810905,0.999767517
43,10,46.6218,TRUE,60,39178,138509,33,60,TRUE,21.8764081,38921,137428,1,10-60 sec,2.1,0.75,0.7,2.131145103,1.006603119,1.007865937
44,1,0.103026,TRUE,50,69,306,33,50,TRUE,0.291027546,637,2637,1,0-10 sec,2.1,0.75,1,0.354007727,0.108320251,0.116040956
44,2,0.0620569,TRUE,54,48,192,33,54,TRUE,0.077901125,49,194,1,0-10 sec,2.1,0.75,1,0.796611089,0.979591837,0.989690722
44,3,0.112443,TRUE,51,78,331,33,51,TRUE,0.122362375,77,331,1,0-10 sec,2.1,0.75,1,0.918934436,1.012987013,1
44,4,0.0394522,TRUE,57,33,108,33,57,TRUE,0.058953047,38,115,1,0-10 sec,2.1,0.75,1,0.669213925,0.868421053,0.939130435
44,5,0.0752991,TRUE,55,56,230,33,55,TRUE,0.097414255,58,250,1,0-10 sec,2.1,0.75,1,0.772978246,0.965517241,0.92
44,6,0.0583088,TRUE,56,49,166,33,56,TRUE,0.039558887,48,163,1,0-10 sec,2.1,0.75,1,1.473974735,1.020833333,1.018404908
44,7,0.0736953,TRUE,42,71,287,33,42,TRUE,0.10641861,70,291,1,0-10 sec,2.1,0.75,1,0.692503877,1.014285714,0.986254296
44,8,0.0640246,TRUE,49,72,288,33,49,TRUE,0.114039898,74,297,1,0-10 sec,2.1,0.75,1,0.56142281,0.972972973,0.96969697
44,9,0.0271318,TRUE,64,38,107,33,64,TRUE,0.054055929,35,99,1,0-10 sec,2.1,0.75,1,0.50192089,1.085714286,1.080808081
44,10,0.0417671,TRUE,63,53,175,33,63,TRUE,0.072222233,49,161,1,0-10 sec,2.1,0.75,1,0.578313606,1.081632653,1.086956522
45,1,600.005,FALSE,0,219925,906313,0,82,FALSE,,,,,Out of Range,2.1,1,0.2,,,
45,2,600.008,FALSE,0,219048,986198,0,125,FALSE,,,,,Out of Range,2.1,1,0.2,,,
45,3,601.341,FALSE,0,209057,907177,0,92,FALSE,,,,,Out of Range,2.1,1,0.2,,,
45,4,600.004,FALSE,0,247166,1032822,0,84,FALSE,,,,,Out of Range,2.1,1,0.2,,,
45,5,600.005,FALSE,0,266473,1043927,0,86,FALSE,,,,,Out of Range,2.1,1,0.2,,,
45,6,1254.19,FALSE,0,234803,1100651,0,129,FALSE,,,,,Out of Range,2.1,1,0.2,,,
45,7,600.003,FALSE,0,181830,815833,0,101,FALSE,,,,,Out of Range,2.1,1,0.2,,,
45,8,600.001,FALSE,0,225873,870935,0,94,FALSE,,,,,Out of Range,2.1,1,0.2,,,
45,9,600.008,FALSE,0,185454,906515,0,82,FALSE,,,,,Out of Range,2.1,1,0.2,,,
45,10,600.001,FALSE,0,220536,1033743,0,90,FALSE,,,,,Out of Range,2.1,1,0.2,,,
46,1,9.93541,TRUE,59,8228,33891,33,59,TRUE,5.410210848,8317,34121,1,0-10 sec,2.1,1,0.5,1.836418262,0.989299026,0.993259283
46,2,90.0253,TRUE,67,58610,257924,33,67,TRUE,42.53753257,59750,262679,1,1-2 min,2.1,1,0.5,2.116373343,0.980920502,0.981898058
46,3,600.005,FALSE,0,269792,1008797,0,65,FALSE,,,,,Out of Range,2.1,1,0.5,,,
46,4,6.67645,TRUE,64,6249,22488,33,64,TRUE,2.073833704,6470,23333,1,0-10 sec,2.1,1,0.5,3.219375781,0.965842349,0.963785197
46,5,3.57069,TRUE,57,2707,12911,33,57,TRUE,2.069524288,2545,12172,1,0-10 sec,2.1,1,0.5,1.725367526,1.063654224,1.060713112
46,6,600.001,FALSE,0,274015,1028409,0,59,TRUE,305.6403675,815438,3073206,,Out of Range,2.1,1,0.5,,,
46,7,600.002,FALSE,0,235179,1046842,0,59,FALSE,,,,,Out of Range,2.1,1,0.5,,,
46,8,5.03218,TRUE,58,3513,16367,33,58,TRUE,2.873721838,3670,17056,1,0-10 sec,2.1,1,0.5,1.75110198,0.957220708,0.959603659
46,9,442.114,TRUE,49,164454,684527,33,49,TRUE,120.601393,169518,705178,1,5-10 min,2.1,1,0.5,3.665911222,0.970127066,0.970715195
46,10,600.008,FALSE,0,263465,1135813,0,55,FALSE,,,,,Out of Range,2.1,1,0.5,,,
47,1,0.075662,TRUE,58,61,191,33,58,TRUE,0.080550432,60,190,1,0-10 sec,2.1,1,0.7,0.939312157,1.016666667,1.005263158
47,2,0.161479,TRUE,59,89,379,33,59,TRUE,0.067148924,88,379,1,0-10 sec,2.1,1,0.7,2.404789092,1.011363636,1
47,3,0.142208,TRUE,55,115,453,33,55,TRUE,0.118022919,114,453,1,0-10 sec,2.1,1,0.7,1.204918512,1.00877193,1
47,4,3.4585,TRUE,49,1883,8971,33,49,TRUE,1.490343809,1948,9262,1,0-10 sec,2.1,1,0.7,2.320605473,0.966632444,0.9685813
47,5,9.40801,TRUE,47,9488,33654,33,47,TRUE,6.499905825,9515,34090,1,0-10 sec,2.1,1,0.7,1.447407125,0.997162375,0.987210326
47,6,74.8094,TRUE,53,43802,176332,33,53,TRUE,28.56016159,42670,171751,1,1-2 min,2.1,1,0.7,2.619361931,1.026529177,1.026672334
47,7,214.735,TRUE,66,137708,489783,33,66,TRUE,98.77936792,154361,546665,1,2-5 min,2.1,1,0.7,2.173885139,0.892116532,0.895947244
47,8,0.0668997,TRUE,48,61,235,33,48,TRUE,0.051579952,58,217,1,0-10 sec,2.1,1,0.7,1.297009737,1.051724138,1.082949309
47,9,0.229294,TRUE,65,217,800,33,65,TRUE,0.206747532,130,459,1,0-10 sec,2.1,1,0.7,1.109053142,1.669230769,1.74291939
47,10,83.716,TRUE,60,56417,241794,33,60,TRUE,21.49453282,49572,211038,1,1-2 min,2.1,1,0.7,3.89475783,1.138081982,1.145736787
48,1,0.0410916,TRUE,63,41,169,33,63,TRUE,0.061631918,40,151,1,0-10 sec,2.1,1,1,0.666725965,1.025,1.119205298
48,2,0.142961,TRUE,54,155,627,33,54,TRUE,0.151576281,123,518,1,0-10 sec,2.1,1,1,0.943162077,1.260162602,1.21042471
48,3,0.112887,TRUE,50,130,608,33,50,TRUE,0.142274141,86,388,1,0-10 sec,2.1,1,1,0.793447068,1.511627907,1.567010309
48,4,0.0365125,TRUE,57,47,163,33,57,TRUE,0.073145151,50,164,1,0-10 sec,2.1,1,1,0.499178681,0.94,0.993902439
48,5,0.0719759,TRUE,58,82,326,33,58,TRUE,0.114440203,74,295,1,0-10 sec,2.1,1,1,0.62893894,1.108108108,1.105084746
48,6,0.0432095,TRUE,58,55,198,33,58,TRUE,0.090774298,41,137,1,0-10 sec,2.1,1,1,0.476010291,1.341463415,1.445255474
48,7,0.0301743,TRUE,55,43,134,33,55,TRUE,0.067299366,42,133,1,0-10 sec,2.1,1,1,0.44835935,1.023809524,1.007518797
48,8,0.0743838,TRUE,44,84,339,33,44,TRUE,0.110805273,75,306,1,0-10 sec,2.1,1,1,0.671301988,1.12,1.107843137
48,9,0.0584875,TRUE,59,81,301,33,59,TRUE,0.18665123,82,306,1,0-10 sec,2.1,1,1,0.313351806,0.987804878,0.983660131
48,10,0.041708,TRUE,54,47,184,33,54,TRUE,0.069693565,40,144,1,0-10 sec,2.1,1,1,0.598448365,1.175,1.277777778
