group,exam,time,finished,makespan,expand_number,generated_number,depth,PetriType,SetType
1,1,0.714919,True,43,22522,146507,33,TT,j30
1,2,2.52343,True,47,131314,686470,33,TT,j30
1,3,0.92737,True,47,53171,245429,33,TT,j30
1,4,16.5272,True,62,920023,4570080,33,TT,j30
1,5,8.54057,True,39,478358,2411890,33,TT,j30
1,6,2.41134,True,48,169837,728457,33,TT,j30
1,7,0.0244596,True,60,453,2506,33,TT,j30
1,8,0.0491603,True,53,1580,8746,33,TT,j30
1,9,1.42034,True,49,45925,292224,33,TT,j30
1,10,0.91264,True,45,46126,260266,33,TT,j30
2,1,0.356795,True,38,16399,83340,33,TT,j30
2,2,0.904074,True,51,60777,334109,33,TT,j30
2,3,0.0164311,True,43,183,1046,33,TT,j30
2,4,0.405229,True,43,22367,119455,33,TT,j30
2,5,0.0278769,True,51,577,2934,33,TT,j30
2,6,0.0160824,True,47,196,967,33,TT,j30
2,7,0.021484,True,47,295,1911,33,TT,j30
2,8,4.09288,True,54,168092,1021568,33,TT,j30
2,9,0.277345,True,54,9732,52716,33,TT,j30
2,10,0.137471,True,43,4680,30132,33,TT,j30
3,1,0.00369101,True,72,39,132,33,TT,j30
3,2,0.224265,True,40,11359,57947,33,TT,j30
3,3,0.02655,True,57,558,2952,33,TT,j30
3,4,0.00914118,True,98,117,486,33,TT,j30
3,5,0.843964,True,53,55266,275801,33,TT,j30
3,6,0.0075421,True,54,73,324,33,TT,j30
3,7,0.0205752,True,48,323,2087,33,TT,j30
3,8,0.026653,True,54,374,2368,33,TT,j30
3,9,1.23811,True,65,84114,412312,33,TT,j30
3,10,0.4918,True,59,39723,186164,33,TT,j30
4,1,0.00732028,True,49,61,280,33,TT,j30
4,2,0.0073772,True,60,69,292,33,TT,j30
4,3,0.0114778,True,47,133,669,33,TT,j30
4,4,0.0130445,True,57,181,877,33,TT,j30
4,5,0.0941105,True,59,2342,15238,33,TT,j30
4,6,0.00404003,True,45,39,136,33,TT,j30
4,7,0.00954789,True,56,101,495,33,TT,j30
4,8,0.00770358,True,55,74,348,33,TT,j30
4,9,0.0782181,True,38,2185,13959,33,TT,j30
4,10,0.0131748,True,48,231,888,33,TT,j30
5,1,14.3336,True,53,500540,2551907,33,TT,j30
5,2,300.0,False,0,12225151,58212459,0,TT,j30
5,3,300.0,False,0,13715346,61939836,0,TT,j30
5,4,122.067,True,63,3735638,22543359,33,TT,j30
5,5,300.0,False,0,13693969,58485903,0,TT,j30
5,6,31.054,True,64,787573,4828218,33,TT,j30
5,7,300.0,False,0,7975739,51361625,0,TT,j30
5,8,300.0,False,0,11121456,56034745,0,TT,j30
5,9,149.081,True,49,6351632,28738580,33,TT,j30
5,10,300.0,False,0,13808140,60736982,0,TT,j30
6,1,3.4065,True,59,135742,704300,33,TT,j30
6,2,8.78092,True,51,267551,1558718,33,TT,j30
6,3,0.549255,True,48,21836,111408,33,TT,j30
6,4,1.31241,True,42,43957,248577,33,TT,j30
6,5,10.798,True,67,651533,2557863,33,TT,j30
6,6,0.0454549,True,37,599,4326,33,TT,j30
6,7,7.84846,True,46,338045,1799407,33,TT,j30
6,8,0.809725,True,39,34210,186748,33,TT,j30
6,9,1.80829,True,51,60967,331807,33,TT,j30
6,10,0.714178,True,61,21999,121055,33,TT,j30
7,1,0.0108259,True,55,168,633,33,TT,j30
7,2,0.0239645,True,42,360,2097,33,TT,j30
7,3,0.024106,True,42,328,1847,33,TT,j30
7,4,0.198308,True,44,7596,39197,33,TT,j30
7,5,0.49145,True,44,18721,95236,33,TT,j30
7,6,0.0880359,True,35,2286,15437,33,TT,j30
7,7,0.0627401,True,50,2145,9845,33,TT,j30
7,8,0.270931,True,44,9322,53369,33,TT,j30
7,9,52.8846,True,60,4466984,14538960,33,TT,j30
7,10,40.9605,True,49,2714463,10377651,33,TT,j30
8,1,0.0055737,True,44,39,185,33,TT,j30
8,2,0.015314,True,51,224,1242,33,TT,j30
8,3,0.0617117,True,53,1430,9931,33,TT,j30
8,4,0.0122276,True,48,119,581,33,TT,j30
8,5,0.0125413,True,58,127,574,33,TT,j30
8,6,0.0148741,True,47,181,871,33,TT,j30
8,7,0.0114221,True,41,105,573,33,TT,j30
8,8,0.0337323,True,51,707,3756,33,TT,j30
8,9,0.0134666,True,39,102,626,33,TT,j30
8,10,0.0154421,True,67,143,744,33,TT,j30
9,1,300.0,False,0,6435510,39830301,0,TT,j30
9,2,300.0,False,0,8219854,44979932,0,TT,j30
9,3,105.106,True,68,2721150,14865266,33,TT,j30
9,4,300.0,False,0,7430984,45673921,0,TT,j30
9,5,300.0,False,0,9191583,44328765,0,TT,j30
9,6,300.0,False,0,8564893,46911485,0,TT,j30
9,7,300.0,False,0,7496995,43316452,0,TT,j30
9,8,300.0,False,0,8427922,43014695,0,TT,j30
9,9,300.0,False,0,8611065,42846396,0,TT,j30
9,10,300.0,False,0,7448900,43946677,0,TT,j30
10,1,16.1051,True,42,497719,2972809,33,TT,j30
10,2,8.88517,True,56,417097,1596614,33,TT,j30
10,3,300.0,False,0,12833080,55463648,0,TT,j30
10,4,13.1362,True,58,529766,2392991,33,TT,j30
10,5,22.3082,True,41,691754,3792530,33,TT,j30
10,6,76.398,True,44,2693599,13165936,33,TT,j30
10,7,1.14234,True,49,37044,203449,33,TT,j30
10,8,97.8381,True,56,3406722,17316502,33,TT,j30
10,9,0.00877178,True,49,155,801,33,TT,j30
10,10,52.1586,True,41,1697232,9345221,33,TT,j30
11,1,0.107914,True,54,3947,17518,33,TT,j30
11,2,0.0063054,True,56,146,556,33,TT,j30
11,3,0.568778,True,81,20206,92244,33,TT,j30
11,4,16.8283,True,63,701822,3203629,33,TT,j30
11,5,1.11657,True,49,34033,218244,33,TT,j30
11,6,0.0709953,True,44,1707,11168,33,TT,j30
11,7,2.4893,True,36,80516,454995,33,TT,j30
11,8,0.0262587,True,62,1701,6172,33,TT,j30
11,9,0.00436606,True,67,81,344,33,TT,j30
11,10,0.00561001,True,38,170,831,33,TT,j30
12,1,0.00135393,True,47,40,167,33,TT,j30
12,2,0.002077,True,46,55,269,33,TT,j30
12,3,0.00525087,True,37,179,916,33,TT,j30
12,4,0.00346102,True,63,92,480,33,TT,j30
12,5,0.0466375,True,47,1211,8262,33,TT,j30
12,6,0.0508696,True,53,2295,9923,33,TT,j30
12,7,0.0604075,True,55,2401,11476,33,TT,j30
12,8,0.0397742,True,35,838,6460,33,TT,j30
12,9,0.00209793,True,52,67,284,33,TT,j30
12,10,0.223834,True,57,7643,38695,33,TT,j30
13,1,300.0,False,0,5705748,37536634,0,TT,j30
13,2,300.0,False,0,5455331,37227886,0,TT,j30
13,3,300.0,False,0,6812563,41002579,0,TT,j30
13,4,300.0,False,0,7978622,39386509,0,TT,j30
13,5,300.0,False,0,5909763,37000636,0,TT,j30
13,6,301.349,False,0,5375798,35980509,0,TT,j30
13,7,300.0,False,0,6312041,39116583,0,TT,j30
13,8,300.003,False,0,6550935,40506030,0,TT,j30
13,9,300.0,False,0,6570717,37461550,0,TT,j30
13,10,300.0,False,0,5821644,39386473,0,TT,j30
14,1,63.4829,True,50,2759693,10083395,33,TT,j30
14,2,46.0454,True,53,1455371,6903848,33,TT,j30
14,3,22.4627,True,58,709684,3421319,33,TT,j30
14,4,135.445,True,53,3625998,19382558,33,TT,j30
14,5,0.350477,True,52,7400,48507,33,TT,j30
14,6,0.552235,True,35,12988,81837,33,TT,j30
14,7,79.6004,True,50,2243910,11995077,33,TT,j30
14,8,0.0114322,True,54,287,1603,33,TT,j30
14,9,300.0,False,0,8791640,44095354,0,TT,j30
14,10,7.86511,True,61,312368,1320767,33,TT,j30
15,1,0.14013,True,46,3170,17031,33,TT,j30
15,2,0.0602018,True,47,932,6730,33,TT,j30
15,3,0.0724317,True,48,3039,12511,33,TT,j30
15,4,0.0611624,True,48,1471,7740,33,TT,j30
15,5,11.6042,True,58,415026,1872951,33,TT,j30
15,6,0.00363077,True,67,96,465,33,TT,j30
15,7,0.0012164,True,47,34,135,33,TT,j30
15,8,59.1609,True,50,2869794,11137684,33,TT,j30
15,9,0.0145359,True,54,145,758,33,TT,j30
15,10,0.0218838,True,65,346,1779,33,TT,j30
16,1,0.116646,True,51,2869,13768,33,TT,j30
16,2,0.0137076,True,48,115,587,33,TT,j30
16,3,0.0104261,True,36,74,368,33,TT,j30
16,4,0.0103164,True,47,80,429,33,TT,j30
16,5,0.0209341,True,51,285,1556,33,TT,j30
16,6,0.013876,True,51,97,682,33,TT,j30
16,7,0.0148821,True,34,156,850,33,TT,j30
16,8,0.0150721,True,44,134,787,33,TT,j30
16,9,0.00947357,True,44,89,373,33,TT,j30
16,10,1.1136,True,51,43714,208971,33,TT,j30
17,1,37.8368,True,64,1999830,9367087,33,TT,j30
17,2,0.761806,True,68,47297,203642,33,TT,j30
17,3,0.00169365,True,60,58,229,33,TT,j30
17,4,0.167249,True,49,6245,35752,33,TT,j30
17,5,0.595352,True,47,28461,131709,33,TT,j30
17,6,0.00169487,True,63,46,196,33,TT,j30
17,7,0.232888,True,57,7869,43015,33,TT,j30
17,8,0.034239,True,61,1309,5625,33,TT,j30
17,9,0.357096,True,48,16452,76299,33,TT,j30
17,10,0.00215752,True,66,73,292,33,TT,j30
18,1,0.0480438,True,53,2011,10514,33,TT,j30
18,2,0.0545224,True,55,2205,11573,33,TT,j30
18,3,0.0212888,True,56,1144,4813,33,TT,j30
18,4,0.00808543,True,70,339,1426,33,TT,j30
18,5,0.0538521,True,52,2627,12153,33,TT,j30
18,6,0.396724,True,62,29430,114272,33,TT,j30
18,7,0.0257976,True,48,1166,5282,33,TT,j30
18,8,0.0203813,True,52,1445,5654,33,TT,j30
18,9,0.00535647,True,47,185,869,33,TT,j30
18,10,0.682078,True,49,38903,190741,33,TT,j30
19,1,0.093381,True,40,3937,19505,33,TT,j30
19,2,0.00539507,True,58,49,181,33,TT,j30
19,3,0.0369016,True,83,72,310,33,TT,j30
19,4,0.00648761,True,39,41,209,33,TT,j30
19,5,0.0330068,True,48,742,4084,33,TT,j30
19,6,0.103607,True,49,6797,27864,33,TT,j30
19,7,0.0606764,True,57,3738,14599,33,TT,j30
19,8,0.013842,True,55,183,786,33,TT,j30
19,9,0.0220652,True,38,337,1855,33,TT,j30
19,10,0.107748,True,47,5543,26360,33,TT,j30
20,1,0.0107792,True,57,131,565,33,TT,j30
20,2,0.00678249,True,70,73,275,33,TT,j30
20,3,0.00868618,True,49,83,378,33,TT,j30
20,4,0.00768036,True,43,53,273,33,TT,j30
20,5,0.00409534,True,61,38,124,33,TT,j30
20,6,0.00802907,True,51,55,266,33,TT,j30
20,7,0.00933361,True,42,94,382,33,TT,j30
20,8,0.00946467,True,51,106,461,33,TT,j30
20,9,0.0128095,True,41,100,547,33,TT,j30
20,10,0.00797889,True,37,73,309,33,TT,j30
21,1,21.6616,True,84,1299571,4735740,33,TT,j30
21,2,12.2788,True,59,492148,2071752,33,TT,j30
21,3,29.714,True,76,1526019,5644829,33,TT,j30
21,4,12.9421,True,77,511800,2049881,33,TT,j30
21,5,3.75599,True,55,114329,575362,33,TT,j30
21,6,167.121,True,76,7192337,30998840,33,TT,j30
21,7,8.20075,True,65,269126,1236537,33,TT,j30
21,8,22.5688,True,62,716680,3332500,33,TT,j30
21,9,300.0,False,0,11526517,50343374,0,TT,j30
21,10,12.0646,True,69,536199,2171778,33,TT,j30
22,1,0.0214759,True,42,519,2385,33,TT,j30
22,2,0.0413487,True,45,1387,6339,33,TT,j30
22,3,20.901,True,63,1297822,4274376,33,TT,j30
22,4,0.114442,True,42,4861,24251,33,TT,j30
22,5,15.6597,True,52,574989,2799905,33,TT,j30
22,6,4.33109,True,52,148570,753157,33,TT,j30
22,7,2.07661,True,60,78292,353315,33,TT,j30
22,8,53.3411,True,55,2324167,9922404,33,TT,j30
22,9,0.00468358,True,76,97,396,33,TT,j30
22,10,1.92712,True,55,86307,388314,33,TT,j30
23,1,0.00604401,True,63,53,188,33,TT,j30
23,2,0.0117404,True,53,116,476,33,TT,j30
23,3,0.0081512,True,46,74,320,33,TT,j30
23,4,0.0424976,True,65,960,4537,33,TT,j30
23,5,0.336246,True,52,9323,53439,33,TT,j30
23,6,0.0942907,True,48,8044,26361,33,TT,j30
23,7,0.0424127,True,60,1603,7836,33,TT,j30
23,8,0.0121041,True,48,461,1866,33,TT,j30
23,9,0.21858,True,63,7907,36771,33,TT,j30
23,10,0.00588941,True,61,78,288,33,TT,j30
24,1,0.00378114,True,53,88,319,33,TT,j30
24,2,0.00885804,True,58,133,703,33,TT,j30
24,3,0.00223905,True,69,59,237,33,TT,j30
24,4,0.0052404,True,53,51,206,33,TT,j30
24,5,0.00345328,True,51,46,171,33,TT,j30
24,6,0.00709922,True,56,120,580,33,TT,j30
24,7,0.0177931,True,44,712,2939,33,TT,j30
24,8,0.00734166,True,38,67,336,33,TT,j30
24,9,0.0112649,True,43,98,537,33,TT,j30
24,10,0.00550942,True,53,49,204,33,TT,j30
25,1,300.0,False,0,8362507,41025504,0,TT,j30
25,2,300.0,False,0,10186418,45601735,0,TT,j30
25,3,300.0,False,0,7321346,38289972,0,TT,j30
25,4,300.0,False,0,8319154,40521049,0,TT,j30
25,5,300.0,False,0,8704865,42569243,0,TT,j30
25,6,251.188,True,58,7485690,35517764,33,TT,j30
25,7,300.0,False,0,10532130,45909914,0,TT,j30
25,8,300.0,False,0,8387333,40233182,0,TT,j30
25,9,300.0,False,0,14028381,54758523,0,TT,j30
25,10,300.0,False,0,9804816,43483303,0,TT,j30
26,1,0.158907,True,59,8658,31735,33,TT,j30
26,2,0.00240989,True,40,43,165,33,TT,j30
26,3,0.0719946,True,58,115,424,33,TT,j30
26,4,0.00315343,True,62,80,382,33,TT,j30
26,5,300.0,False,0,21924414,62672814,0,TT,j30
26,6,0.224345,True,53,6555,30672,33,TT,j30
26,7,0.0786429,True,56,237,1139,33,TT,j30
26,8,0.381979,True,66,11751,50119,33,TT,j30
26,9,0.709656,True,43,19447,99322,33,TT,j30
26,10,2.18219,True,49,58260,324431,33,TT,j30
27,1,0.00417933,True,43,113,560,33,TT,j30
27,2,0.0140618,True,58,367,1649,33,TT,j30
27,3,0.0174095,True,60,567,2405,33,TT,j30
27,4,0.0012323,True,64,52,148,33,TT,j30
27,5,0.00732782,True,49,217,897,33,TT,j30
27,6,0.00544725,True,59,49,189,33,TT,j30
27,7,0.103011,True,49,4361,20304,33,TT,j30
27,8,0.00188966,True,66,52,203,33,TT,j30
27,9,0.00635055,True,55,124,404,33,TT,j30
27,10,0.0142393,True,62,337,1621,33,TT,j30
28,1,0.00523019,True,69,34,150,33,TT,j30
28,2,0.00532891,True,57,46,178,33,TT,j30
28,3,0.00959793,True,40,95,429,33,TT,j30
28,4,0.0056594,True,49,61,193,33,TT,j30
28,5,0.00534049,True,73,47,151,33,TT,j30
28,6,0.00391783,True,55,36,111,33,TT,j30
28,7,0.00920817,True,48,94,376,33,TT,j30
28,8,0.00728917,True,53,54,232,33,TT,j30
28,9,0.00530883,True,62,43,156,33,TT,j30
28,10,0.00682579,True,59,64,247,33,TT,j30
29,1,300.0,False,0,9794518,45573081,0,TT,j30
29,2,300.0,False,0,6910116,36794241,0,TT,j30
29,3,300.0,False,0,7314204,38147146,0,TT,j30
29,4,300.0,False,0,9014985,39223027,0,TT,j30
29,5,300.0,False,0,7231010,36180289,0,TT,j30
29,6,300.0,False,0,7952180,38516315,0,TT,j30
29,7,302.422,False,0,8006956,36936606,0,TT,j30
29,8,300.0,False,0,5594500,34890671,0,TT,j30
29,9,302.674,False,0,7082791,37210051,0,TT,j30
29,10,300.0,False,0,10982352,41957856,0,TT,j30
30,1,198.96,True,47,5761497,26818765,33,TT,j30
30,2,22.4222,True,68,793967,3291256,33,TT,j30
30,3,15.8398,True,55,712237,2660756,33,TT,j30
30,4,2.8829,True,53,107928,435559,33,TT,j30
30,5,0.645474,True,54,20804,92375,33,TT,j30
30,6,49.9965,True,62,2158371,8551486,33,TT,j30
30,7,0.590231,True,68,22145,92241,33,TT,j30
30,8,4.8776,True,46,132326,671519,33,TT,j30
30,9,4.34092,True,46,127550,651226,33,TT,j30
30,10,32.7879,True,53,1189007,5310088,33,TT,j30
31,1,0.0109154,True,43,160,797,33,TT,j30
31,2,0.0399321,True,63,789,4522,33,TT,j30
31,3,0.00528425,True,58,134,598,33,TT,j30
31,4,0.0171213,True,50,429,2128,33,TT,j30
31,5,0.821982,True,52,49822,156726,33,TT,j30
31,6,0.00415695,True,53,87,478,33,TT,j30
31,7,0.00308235,True,61,89,393,33,TT,j30
31,8,0.00303671,True,58,100,385,33,TT,j30
31,9,13.4078,True,50,444953,1862330,33,TT,j30
31,10,52.1569,True,55,1920924,7826328,33,TT,j30
32,1,0.00164001,True,61,50,178,33,TT,j30
32,2,0.00223926,True,60,61,269,33,TT,j30
32,3,0.00356789,True,57,45,153,33,TT,j30
32,4,0.00215847,True,68,40,158,33,TT,j30
32,5,0.00752568,True,54,81,398,33,TT,j30
32,6,0.0210401,True,44,529,2555,33,TT,j30
32,7,0.00361712,True,35,50,220,33,TT,j30
32,8,0.00353457,True,54,51,199,33,TT,j30
32,9,0.00669887,True,65,110,451,33,TT,j30
32,10,0.00258775,True,51,66,291,33,TT,j30
33,1,0.0322871,True,65,1479,5865,33,TT,j30
33,2,0.0386014,True,60,2215,8535,33,TT,j30
33,3,0.790598,True,55,44040,195044,33,TT,j30
33,4,0.0679354,True,77,2554,11256,33,TT,j30
33,5,0.0298559,True,53,1386,6078,33,TT,j30
33,6,0.00823491,True,59,212,736,33,TT,j30
33,7,0.00225809,True,58,80,268,33,TT,j30
33,8,0.188754,True,61,14868,46678,33,TT,j30
33,9,0.0773872,True,65,3677,14550,33,TT,j30
33,10,0.00224821,True,53,77,281,33,TT,j30
34,1,0.0990236,True,68,6440,24543,33,TT,j30
34,2,0.00307792,True,44,121,429,33,TT,j30
34,3,0.0111343,True,69,511,1954,33,TT,j30
34,4,0.00175474,True,67,57,204,33,TT,j30
34,5,0.122613,True,63,10673,38213,33,TT,j30
34,6,0.0267605,True,52,1093,4397,33,TT,j30
34,7,0.20887,True,58,18273,62093,33,TT,j30
34,8,0.0557549,True,58,3099,13690,33,TT,j30
34,9,0.000964688,True,60,38,110,33,TT,j30
34,10,0.00164778,True,47,47,199,33,TT,j30
35,1,0.00398072,True,57,43,154,33,TT,j30
35,2,0.00294451,True,53,59,241,33,TT,j30
35,3,0.00297153,True,60,46,150,33,TT,j30
35,4,0.0154103,True,50,693,3038,33,TT,j30
35,5,0.00156395,True,60,34,92,33,TT,j30
35,6,0.00457101,True,58,121,478,33,TT,j30
35,7,0.00321535,True,61,116,393,33,TT,j30
35,8,0.00158952,True,63,42,161,33,TT,j30
35,9,0.0038141,True,59,149,581,33,TT,j30
35,10,0.0248485,True,59,1489,5469,33,TT,j30
36,1,0.00156737,True,66,53,223,33,TT,j30
36,2,0.00462718,True,44,59,233,33,TT,j30
36,3,0.0018172,True,61,42,156,33,TT,j30
36,4,0.00135661,True,59,35,112,33,TT,j30
36,5,0.00356203,True,64,136,499,33,TT,j30
36,6,0.00377887,True,46,66,238,33,TT,j30
36,7,0.00403451,True,56,61,232,33,TT,j30
36,8,0.00309118,True,63,55,190,33,TT,j30
36,9,0.00411042,True,59,56,229,33,TT,j30
36,10,0.00490176,True,59,82,326,33,TT,j30
37,1,300.0,False,0,19990116,64939376,0,TT,j30
37,2,10.157,True,69,521656,1957613,33,TT,j30
37,3,28.6362,True,81,1082864,4275823,33,TT,j30
37,4,170.31,True,83,10700470,36559290,33,TT,j30
37,5,0.534677,True,80,22070,86552,33,TT,j30
37,6,1.63232,True,73,90780,311057,33,TT,j30
37,7,300.0,False,0,16003880,58620317,0,TT,j30
37,8,2.33536,True,72,127520,454421,33,TT,j30
37,9,2.06688,True,57,87272,353603,33,TT,j30
37,10,158.766,True,81,12297746,35421928,33,TT,j30
38,1,0.0164467,True,48,386,1623,33,TT,j30
38,2,0.119138,True,54,4646,20025,33,TT,j30
38,3,0.0994721,True,59,3985,17678,33,TT,j30
38,4,0.00723616,True,59,241,903,33,TT,j30
38,5,1.73141,True,71,116618,407875,33,TT,j30
38,6,0.0397201,True,63,2076,7172,33,TT,j30
38,7,0.0336417,True,65,830,4050,33,TT,j30
38,8,0.114672,True,61,8712,28853,33,TT,j30
38,9,0.127882,True,63,6740,26039,33,TT,j30
38,10,0.156975,True,60,7407,32462,33,TT,j30
39,1,0.00148931,True,55,42,158,33,TT,j30
39,2,0.00209766,True,54,70,234,33,TT,j30
39,3,0.00498989,True,54,164,683,33,TT,j30
39,4,0.00186426,True,53,56,227,33,TT,j30
39,5,0.00159216,True,55,44,167,33,TT,j30
39,6,0.00950964,True,69,263,1244,33,TT,j30
39,7,3.95213,True,56,429180,1177784,33,TT,j30
39,8,0.00160527,True,67,45,171,33,TT,j30
39,9,0.0284763,True,64,1978,6384,33,TT,j30
39,10,0.139193,True,60,13802,37363,33,TT,j30
40,1,0.00325861,True,51,47,175,33,TT,j30
40,2,0.00216691,True,56,60,248,33,TT,j30
40,3,0.00289291,True,57,60,234,33,TT,j30
40,4,0.00125641,True,57,39,136,33,TT,j30
40,5,0.0039415,True,65,123,573,33,TT,j30
40,6,0.00171963,True,60,74,247,33,TT,j30
40,7,0.00285745,True,46,54,224,33,TT,j30
40,8,0.00421861,True,57,70,258,33,TT,j30
40,9,0.00313814,True,64,49,186,33,TT,j30
40,10,0.00540967,True,51,97,377,33,TT,j30
41,1,73.9441,True,86,3755837,13532707,33,TT,j30
41,2,300.0,False,0,11757712,42107184,0,TT,j30
41,3,300.0,False,0,14721100,53140894,0,TT,j30
41,4,300.0,False,0,10568685,44759754,0,TT,j30
41,5,35.6363,True,99,1309783,5083666,33,TT,j30
41,6,300.0,False,0,9123941,37802545,0,TT,j30
41,7,300.0,False,0,9664778,42254255,0,TT,j30
41,8,300.0,False,0,15281615,53063112,0,TT,j30
41,9,300.0,False,0,12882531,51392576,0,TT,j30
41,10,300.0,False,0,9099205,40668699,0,TT,j30
42,1,0.0102904,True,58,162,726,33,TT,j30
42,2,1.47361,True,50,56486,271764,33,TT,j30
42,3,0.676219,True,60,22159,89826,33,TT,j30
42,4,1.4385,True,49,51035,225602,33,TT,j30
42,5,0.00381936,True,52,120,522,33,TT,j30
42,6,0.263546,True,66,8247,35575,33,TT,j30
42,7,2.33794,True,66,135628,493468,33,TT,j30
42,8,45.7686,True,82,2493657,8537190,33,TT,j30
42,9,1.20763,True,60,36281,174907,33,TT,j30
42,10,0.00182714,True,75,56,209,33,TT,j30
43,1,11.6444,True,55,532122,2209731,33,TT,j30
43,2,0.00151699,True,43,44,165,33,TT,j30
43,3,0.0193818,True,57,646,2743,33,TT,j30
43,4,0.0674329,True,67,2292,8265,33,TT,j30
43,5,1.18969,True,64,53822,210049,33,TT,j30
43,6,0.0557085,True,58,2059,7806,33,TT,j30
43,7,0.00276925,True,52,73,308,33,TT,j30
43,8,0.00880766,True,62,560,1666,33,TT,j30
43,9,0.44199,True,57,25918,90308,33,TT,j30
43,10,0.772291,True,60,39178,138509,33,TT,j30
44,1,0.00253749,True,50,69,306,33,TT,j30
44,2,0.00166314,True,54,48,192,33,TT,j30
44,3,0.0051935,True,51,78,331,33,TT,j30
44,4,0.00115691,True,57,33,108,33,TT,j30
44,5,0.00200206,True,55,56,230,33,TT,j30
44,6,0.00380307,True,56,49,166,33,TT,j30
44,7,0.00276311,True,42,71,287,33,TT,j30
44,8,0.00525704,True,49,72,288,33,TT,j30
44,9,0.00126033,True,64,38,107,33,TT,j30
44,10,0.00416949,True,63,53,175,33,TT,j30
45,1,300.0,False,0,10346655,44366146,0,TT,j30
45,2,300.0,False,0,7523136,36412269,0,TT,j30
45,3,300.0,False,0,11317980,43164126,0,TT,j30
45,4,300.0,False,0,10954790,43264625,0,TT,j30
45,5,300.0,False,0,12681647,43162701,0,TT,j30
45,6,300.0,False,0,8322646,36690363,0,TT,j30
45,7,300.0,False,0,10431226,42386131,0,TT,j30
45,8,300.0,False,0,13963342,46171279,0,TT,j30
45,9,300.0,False,0,8808396,38132386,0,TT,j30
45,10,292.494,True,90,9838629,38820835,33,TT,j30
46,1,0.231009,True,59,8228,33891,33,TT,j30
46,2,1.98715,True,67,58610,257924,33,TT,j30
46,3,40.9645,True,65,1945698,6997112,33,TT,j30
46,4,0.161389,True,64,6249,22488,33,TT,j30
46,5,0.101566,True,57,2707,12911,33,TT,j30
46,6,19.3719,True,59,811602,3061502,33,TT,j30
46,7,300.0,False,0,12285452,49724560,0,TT,j30
46,8,0.150443,True,58,3513,16367,33,TT,j30
46,9,5.09186,True,49,164454,684527,33,TT,j30
46,10,27.8965,True,55,1073691,4473500,33,TT,j30
47,1,0.00295467,True,58,61,191,33,TT,j30
47,2,0.00324495,True,59,89,379,33,TT,j30
47,3,0.00858244,True,55,115,453,33,TT,j30
47,4,0.0633962,True,49,1883,8971,33,TT,j30
47,5,0.230157,True,47,9488,33654,33,TT,j30
47,6,1.16007,True,53,43802,176332,33,TT,j30
47,7,2.56293,True,66,137708,489783,33,TT,j30
47,8,0.00218733,True,48,61,235,33,TT,j30
47,9,0.00669447,True,65,217,800,33,TT,j30
47,10,1.58214,True,60,56417,241794,33,TT,j30
48,1,0.00175511,True,63,41,169,33,TT,j30
48,2,0.00596496,True,54,155,627,33,TT,j30
48,3,0.00719295,True,50,130,608,33,TT,j30
48,4,0.0016157,True,57,47,163,33,TT,j30
48,5,0.00248341,True,58,82,326,33,TT,j30
48,6,0.00457139,True,58,55,198,33,TT,j30
48,7,0.00167103,True,55,43,134,33,TT,j30
48,8,0.0030912,True,44,84,339,33,TT,j30
48,9,0.00527916,True,59,81,301,33,TT,j30
48,10,0.00172519,True,54,47,184,33,TT,j30
