group,exam,time,finished,makespan,expand_number,generated_number,depth,PetriType,SetType,Heuristic,generatedTime%,generatedTime(ave),avilableTime%,avilableTime(ave),hashTime%,hashTime(ave),HcostTime%,HcostTime(ave),comperTime%,comperTime(ave),succsesroTime%,sucssesorTime(ave)
1,1,300,False,0,27346073,220363306,0,TT2,j60,LBMAX_DP
1,2,300,False,0,17707687,212483738,0,TT2,j60,LBMAX_DP
1,3,300,False,0,20481526,197436203,0,TT2,j60,LBMAX_DP
1,4,300,False,0,21124136,207275885,0,TT2,j60,LBMAX_DP
1,5,300,False,0,18220193,191185250,0,TT2,j60,LBMAX_DP
1,6,300,False,0,14749320,202363520,0,TT2,j60,LBMAX_DP
1,7,300,False,0,14648057,197305693,0,TT2,j60,LBMAX_DP
1,8,300,False,0,21549093,222236870,0,TT2,j60,LBMAX_DP
1,9,300,False,0,17228818,206504609,0,TT2,j60,LBMAX_DP
1,10,300,False,0,17239412,205986117,0,TT2,j60,LBMAX_DP
2,1,84.9089,True,65,9357159,57814083,63,TT2,j60,LBMAX_DP
2,2,25.0635,True,82,3223722,18163191,63,TT2,j60,LBMAX_DP
2,3,300,False,0,16757408,194859173,0,TT2,j60,LBMAX_DP
2,4,300,False,0,25086332,209052881,0,TT2,j60,LBMAX_DP
2,5,300,False,0,19174282,175515509,0,TT2,j60,LBMAX_DP
2,6,300,False,0,20861877,232021362,0,TT2,j60,LBMAX_DP
2,7,300,False,0,14114611,178797019,0,TT2,j60,LBMAX_DP
2,8,303.298,False,0,21270125,175912867,0,TT2,j60,LBMAX_DP
2,9,0.0103008,True,65,553,5937,63,TT2,j60,LBMAX_DP
2,10,300,False,0,16613246,203528227,0,TT2,j60,LBMAX_DP
3,1,0.00373738,True,60,240,1810,63,TT2,j60,LBMAX_DP
3,2,0.0036039,True,69,330,2123,63,TT2,j60,LBMAX_DP
3,3,300,False,0,20092182,190552290,0,TT2,j60,LBMAX_DP
3,4,0.000920475,True,81,63,430,63,TT2,j60,LBMAX_DP
3,5,1.90063,True,83,223615,1412809,63,TT2,j60,LBMAX_DP
3,6,24.3862,True,57,2053748,18132223,63,TT2,j60,LBMAX_DP
3,7,300,False,0,18015992,190733911,0,TT2,j60,LBMAX_DP
3,8,300,False,0,11682175,145190736,0,TT2,j60,LBMAX_DP
3,9,300,False,0,39746401,214033102,0,TT2,j60,LBMAX_DP
3,10,300,False,0,21847882,226893672,0,TT2,j60,LBMAX_DP
4,1,0.52899,True,84,63,582,63,TT2,j60,LBMAX_DP
4,2,0.00118082,True,60,65,547,63,TT2,j60,LBMAX_DP
4,3,0.0012478,True,58,63,628,63,TT2,j60,LBMAX_DP
4,4,0.0155788,True,65,1186,9224,63,TT2,j60,LBMAX_DP
4,5,40.0302,True,75,4396089,27201315,63,TT2,j60,LBMAX_DP
4,6,0.00177812,True,71,104,875,63,TT2,j60,LBMAX_DP
4,7,0.00131164,True,67,67,641,63,TT2,j60,LBMAX_DP
4,8,300,False,0,24386567,230556396,0,TT2,j60,LBMAX_DP
4,9,0.185845,True,75,14569,145813,63,TT2,j60,LBMAX_DP
4,10,300,False,0,36235951,219236878,0,TT2,j60,LBMAX_DP
5,1,300,False,0,15176094,179557610,0,TT2,j60,LBMAX_DP
5,2,300,False,0,22209977,187683553,0,TT2,j60,LBMAX_DP
5,3,301.239,False,0,21101667,179979856,0,TT2,j60,LBMAX_DP
5,4,300,False,0,15021680,164413276,0,TT2,j60,LBMAX_DP
5,5,300,False,0,21804136,170352805,0,TT2,j60,LBMAX_DP
5,6,300,False,0,12970794,158928059,0,TT2,j60,LBMAX_DP
5,7,300,False,0,18415199,169793036,0,TT2,j60,LBMAX_DP
5,8,300,False,0,12775152,166946527,0,TT2,j60,LBMAX_DP
5,9,300,False,0,14109890,165606765,0,TT2,j60,LBMAX_DP
5,10,300,False,0,21515390,175997498,0,TT2,j60,LBMAX_DP
6,1,300,False,0,11001859,135605985,0,TT2,j60,LBMAX_DP
6,2,300,False,0,20683651,179449380,0,TT2,j60,LBMAX_DP
6,3,300,False,0,15777532,167031810,0,TT2,j60,LBMAX_DP
6,4,300,False,0,12531261,148125156,0,TT2,j60,LBMAX_DP
6,5,300,False,0,15367325,139686847,0,TT2,j60,LBMAX_DP
6,6,300,False,0,9550421,136906393,0,TT2,j60,LBMAX_DP
6,7,300,False,0,13879116,152507998,0,TT2,j60,LBMAX_DP
6,8,0.726007,True,72,66305,378491,63,TT2,j60,LBMAX_DP
6,9,300,False,0,16707434,164512189,0,TT2,j60,LBMAX_DP
6,10,300,False,0,17285047,177063782,0,TT2,j60,LBMAX_DP
7,1,0.00665948,True,77,247,2832,63,TT2,j60,LBMAX_DP
7,2,0.0317944,True,85,3279,18452,63,TT2,j60,LBMAX_DP
7,3,20.8569,True,62,1288910,12086155,63,TT2,j60,LBMAX_DP
7,4,0.00170602,True,63,80,761,63,TT2,j60,LBMAX_DP
7,5,0.0192758,True,71,2235,11869,63,TT2,j60,LBMAX_DP
7,6,300,False,0,14342986,149794709,0,TT2,j60,LBMAX_DP
7,7,0.00379251,True,89,150,1650,63,TT2,j60,LBMAX_DP
7,8,2.54218,True,66,207949,1432562,63,TT2,j60,LBMAX_DP
7,9,300,False,0,15090781,153402305,0,TT2,j60,LBMAX_DP
7,10,0.00104342,True,82,64,463,63,TT2,j60,LBMAX_DP
8,1,0.00122866,True,64,63,559,63,TT2,j60,LBMAX_DP
8,2,0.00161823,True,61,70,662,63,TT2,j60,LBMAX_DP
8,3,300,False,0,29059517,195957960,0,TT2,j60,LBMAX_DP
8,4,0.029615,True,64,3391,16743,63,TT2,j60,LBMAX_DP
8,5,0.00209662,True,83,113,992,63,TT2,j60,LBMAX_DP
8,6,300,False,0,12353487,158838568,0,TT2,j60,LBMAX_DP
8,7,0.00187937,True,62,84,769,63,TT2,j60,LBMAX_DP
8,8,0.00257824,True,66,127,1194,63,TT2,j60,LBMAX_DP
8,9,0.00156607,True,58,78,704,63,TT2,j60,LBMAX_DP
8,10,0.00140784,True,97,73,626,63,TT2,j60,LBMAX_DP
9,1,300,False,0,12407446,133218028,0,TT2,j60,LBMAX_DP
9,2,300,False,0,15461903,155500978,0,TT2,j60,LBMAX_DP
9,3,300,False,0,14493486,143455283,0,TT2,j60,LBMAX_DP
9,4,300,False,0,12180367,146333928,0,TT2,j60,LBMAX_DP
9,5,300,False,0,13586710,127994128,0,TT2,j60,LBMAX_DP
9,6,307.129,False,0,12785589,132949880,0,TT2,j60,LBMAX_DP
9,7,300,False,0,13849513,126560691,0,TT2,j60,LBMAX_DP
9,8,300.964,False,0,12655330,136805242,0,TT2,j60,LBMAX_DP
9,9,300,False,0,13796094,142920035,0,TT2,j60,LBMAX_DP
9,10,300,False,0,12739482,137193610,0,TT2,j60,LBMAX_DP
10,1,1.55694,True,85,82936,751034,63,TT2,j60,LBMAX_DP
10,2,0.0640583,True,62,2403,26794,63,TT2,j60,LBMAX_DP
10,3,300,False,0,9816889,108157411,0,TT2,j60,LBMAX_DP
10,4,300,False,0,12043290,126536263,0,TT2,j60,LBMAX_DP
10,5,300,False,0,15351908,145381833,0,TT2,j60,LBMAX_DP
10,6,119.847,True,67,5175629,59123849,63,TT2,j60,LBMAX_DP
10,7,300.723,False,0,11666279,134519709,0,TT2,j60,LBMAX_DP
10,8,300,False,0,14147191,159258954,0,TT2,j60,LBMAX_DP
10,9,300.014,False,0,9020802,118366663,0,TT2,j60,LBMAX_DP
10,10,300,False,0,10519734,131622771,0,TT2,j60,LBMAX_DP
11,1,0.530836,True,71,5180,49063,63,TT2,j60,LBMAX_DP
11,2,0.444299,True,61,19203,153822,63,TT2,j60,LBMAX_DP
11,3,0.00748973,True,76,489,3481,63,TT2,j60,LBMAX_DP
11,4,21.3634,True,69,1087360,9812630,63,TT2,j60,LBMAX_DP
11,5,0.0118152,True,65,666,6113,63,TT2,j60,LBMAX_DP
11,6,300,False,0,10623654,124095292,0,TT2,j60,LBMAX_DP
11,7,88.6716,True,70,5687567,46341927,63,TT2,j60,LBMAX_DP
11,8,0.266861,True,69,735,8740,63,TT2,j60,LBMAX_DP
11,9,0.00196973,True,62,88,759,63,TT2,j60,LBMAX_DP
11,10,0.0198089,True,58,1086,9058,63,TT2,j60,LBMAX_DP
12,1,0.00140798,True,59,63,560,63,TT2,j60,LBMAX_DP
12,2,0.00730309,True,58,269,3136,63,TT2,j60,LBMAX_DP
12,3,0.00244655,True,75,93,971,63,TT2,j60,LBMAX_DP
12,4,0.00130904,True,69,63,567,63,TT2,j60,LBMAX_DP
12,5,0.0015934,True,63,71,642,63,TT2,j60,LBMAX_DP
12,6,0.00184973,True,54,76,731,63,TT2,j60,LBMAX_DP
12,7,0.00129852,True,71,63,533,63,TT2,j60,LBMAX_DP
12,8,0.00141461,True,60,69,552,63,TT2,j60,LBMAX_DP
12,9,0.144375,True,59,6518,74194,63,TT2,j60,LBMAX_DP
12,10,0.0120135,True,79,613,5401,63,TT2,j60,LBMAX_DP
13,1,300,False,0,13694237,123029931,0,TT2,j60,LBMAX_DP
13,2,300,False,0,13966578,126535524,0,TT2,j60,LBMAX_DP
13,3,300,False,0,8487198,103148609,0,TT2,j60,LBMAX_DP
13,4,300,False,0,9970748,113430115,0,TT2,j60,LBMAX_DP
13,5,300,False,0,9519301,105527922,0,TT2,j60,LBMAX_DP
13,6,300,False,0,10191954,103892940,0,TT2,j60,LBMAX_DP
13,7,300,False,0,11857520,116953207,0,TT2,j60,LBMAX_DP
13,8,300,False,0,12705619,124459552,0,TT2,j60,LBMAX_DP
13,9,300,False,0,13374077,118431968,0,TT2,j60,LBMAX_DP
13,10,300,False,0,13665676,123033329,0,TT2,j60,LBMAX_DP
14,1,300,False,0,9885540,119129437,0,TT2,j60,LBMAX_DP
14,2,300,False,0,12492410,135282747,0,TT2,j60,LBMAX_DP
14,3,300,False,0,10667787,121447685,0,TT2,j60,LBMAX_DP
14,4,300,False,0,12431886,138273750,0,TT2,j60,LBMAX_DP
14,5,300,False,0,9680377,112131728,0,TT2,j60,LBMAX_DP
14,6,300,False,0,13425069,150762062,0,TT2,j60,LBMAX_DP
14,7,300,False,0,12271535,124243387,0,TT2,j60,LBMAX_DP
14,8,300,False,0,9439629,120281902,0,TT2,j60,LBMAX_DP
14,9,300,False,0,8880469,115990670,0,TT2,j60,LBMAX_DP
14,10,300,False,0,12975939,123572560,0,TT2,j60,LBMAX_DP
15,1,0.215562,True,84,9840,96399,63,TT2,j60,LBMAX_DP
15,2,74.5126,True,89,3573424,30275699,63,TT2,j60,LBMAX_DP
15,3,5.02896,True,72,243519,2294891,63,TT2,j60,LBMAX_DP
15,4,1.37176,True,75,57433,621373,63,TT2,j60,LBMAX_DP
15,5,0.00165433,True,70,91,692,63,TT2,j60,LBMAX_DP
15,6,0.17396,True,76,12186,88718,63,TT2,j60,LBMAX_DP
15,7,300,False,0,9055022,116723274,0,TT2,j60,LBMAX_DP
15,8,300,False,0,11770753,127590557,0,TT2,j60,LBMAX_DP
15,9,0.557566,True,72,71,615,63,TT2,j60,LBMAX_DP
15,10,0.00185002,True,61,83,718,63,TT2,j60,LBMAX_DP
16,1,0.00528935,True,64,305,2397,63,TT2,j60,LBMAX_DP
16,2,0.00142999,True,64,72,639,63,TT2,j60,LBMAX_DP
16,3,0.00139564,True,53,64,562,63,TT2,j60,LBMAX_DP
16,4,0.00205298,True,60,87,863,63,TT2,j60,LBMAX_DP
16,5,0.00129495,True,66,63,517,63,TT2,j60,LBMAX_DP
16,6,0.00189772,True,66,84,763,63,TT2,j60,LBMAX_DP
16,7,0.117849,True,82,8760,63665,63,TT2,j60,LBMAX_DP
16,8,0.0014288,True,68,67,602,63,TT2,j60,LBMAX_DP
16,9,0.00151026,True,54,66,624,63,TT2,j60,LBMAX_DP
16,10,0.788741,True,68,37341,369702,63,TT2,j60,LBMAX_DP
17,1,300,False,0,31174354,221635266,0,TT2,j60,LBMAX_DP
17,2,300,False,0,21641454,219201191,0,TT2,j60,LBMAX_DP
17,3,300,False,0,26512832,215531163,0,TT2,j60,LBMAX_DP
17,4,300,False,0,25591703,217489218,0,TT2,j60,LBMAX_DP
17,5,300,False,0,24204658,210900830,0,TT2,j60,LBMAX_DP
17,6,300,False,0,18754787,211280685,0,TT2,j60,LBMAX_DP
17,7,300,False,0,18761499,202118941,0,TT2,j60,LBMAX_DP
17,8,300,False,0,25005138,201450710,0,TT2,j60,LBMAX_DP
17,9,300,False,0,19402938,179346480,0,TT2,j60,LBMAX_DP
17,10,300,False,0,16691611,188234228,0,TT2,j60,LBMAX_DP
18,1,300,False,0,32041449,211607810,0,TT2,j60,LBMAX_DP
18,2,300,False,0,16008058,196797794,0,TT2,j60,LBMAX_DP
18,3,3.00717,True,77,303185,2133780,63,TT2,j60,LBMAX_DP
18,4,300,False,0,26880984,215442510,0,TT2,j60,LBMAX_DP
18,5,300,False,0,30147125,218793137,0,TT2,j60,LBMAX_DP
18,6,300,False,0,18393569,183173236,0,TT2,j60,LBMAX_DP
18,7,300,False,0,30555238,219450602,0,TT2,j60,LBMAX_DP
18,8,54.1531,True,78,5947233,37632478,63,TT2,j60,LBMAX_DP
18,9,0.555554,True,69,23900,269183,63,TT2,j60,LBMAX_DP
18,10,300,False,0,25865487,212772630,0,TT2,j60,LBMAX_DP
19,1,300,False,0,26680255,218728099,0,TT2,j60,LBMAX_DP
19,2,0.00679746,True,83,499,3601,63,TT2,j60,LBMAX_DP
19,3,300,False,0,25196220,200081581,0,TT2,j60,LBMAX_DP
19,4,0.182331,True,67,21528,145168,63,TT2,j60,LBMAX_DP
19,5,0.0024215,True,73,147,1194,63,TT2,j60,LBMAX_DP
19,6,300,False,0,31261936,220569322,0,TT2,j60,LBMAX_DP
19,7,199.601,True,60,19585712,140474530,63,TT2,j60,LBMAX_DP
19,8,300,False,0,28632222,235784844,0,TT2,j60,LBMAX_DP
19,9,100.28,True,69,8157366,70168798,63,TT2,j60,LBMAX_DP
19,10,198.361,True,78,19354716,141724832,63,TT2,j60,LBMAX_DP
20,1,0.00623948,True,60,745,4605,63,TT2,j60,LBMAX_DP
20,2,0.00417787,True,78,237,2185,63,TT2,j60,LBMAX_DP
20,3,300,False,0,27664375,209205039,0,TT2,j60,LBMAX_DP
20,4,0.0025282,True,86,176,1307,63,TT2,j60,LBMAX_DP
20,5,0.00774547,True,71,425,3641,63,TT2,j60,LBMAX_DP
20,6,0.000980508,True,97,67,482,63,TT2,j60,LBMAX_DP
20,7,0.00119627,True,74,67,484,63,TT2,j60,LBMAX_DP
20,8,300,False,0,26487089,204803999,0,TT2,j60,LBMAX_DP
20,9,0.00109749,True,74,71,499,63,TT2,j60,LBMAX_DP
20,10,0.00120767,True,70,71,545,63,TT2,j60,LBMAX_DP
21,1,300,False,0,24721246,180632746,0,TT2,j60,LBMAX_DP
21,2,300,False,0,20331100,163673262,0,TT2,j60,LBMAX_DP
21,3,300,False,0,19697144,179712113,0,TT2,j60,LBMAX_DP
21,4,300,False,0,22432788,177280080,0,TT2,j60,LBMAX_DP
21,5,300,False,0,17208738,168235617,0,TT2,j60,LBMAX_DP
21,6,300,False,0,23162263,182220697,0,TT2,j60,LBMAX_DP
21,7,300,False,0,25823615,192583032,0,TT2,j60,LBMAX_DP
21,8,300,False,0,22438439,186495797,0,TT2,j60,LBMAX_DP
21,9,300,False,0,16263203,187451749,0,TT2,j60,LBMAX_DP
21,10,300,False,0,22699490,185649362,0,TT2,j60,LBMAX_DP
22,1,300,False,0,21352927,177110441,0,TT2,j60,LBMAX_DP
22,2,300,False,0,15296501,167207873,0,TT2,j60,LBMAX_DP
22,3,300,False,0,19533346,172046213,0,TT2,j60,LBMAX_DP
22,4,300,False,0,17453146,171152013,0,TT2,j60,LBMAX_DP
22,5,300,False,0,18255551,169204738,0,TT2,j60,LBMAX_DP
22,6,300.01,False,0,21107147,169754862,0,TT2,j60,LBMAX_DP
22,7,300,False,0,15182588,153498099,0,TT2,j60,LBMAX_DP
22,8,300,False,0,17304240,161214449,0,TT2,j60,LBMAX_DP
22,9,1.89724,True,65,121059,964598,63,TT2,j60,LBMAX_DP
22,10,300,False,0,18293589,175304734,0,TT2,j60,LBMAX_DP
23,1,31.0797,True,75,2741055,18994924,63,TT2,j60,LBMAX_DP
23,2,16.8367,True,69,1533116,10590556,63,TT2,j60,LBMAX_DP
23,3,0.0057116,True,78,463,3025,63,TT2,j60,LBMAX_DP
23,4,300,False,0,14982616,157719267,0,TT2,j60,LBMAX_DP
23,5,0.00436044,True,72,195,1855,63,TT2,j60,LBMAX_DP
23,6,8.15504,True,81,802554,5411429,63,TT2,j60,LBMAX_DP
23,7,4.92178,True,60,259737,2509787,63,TT2,j60,LBMAX_DP
23,8,0.00213821,True,72,130,919,63,TT2,j60,LBMAX_DP
23,9,0.127095,True,64,8113,78464,63,TT2,j60,LBMAX_DP
23,10,0.00176802,True,68,111,774,63,TT2,j60,LBMAX_DP
24,1,0.00191502,True,65,138,882,63,TT2,j60,LBMAX_DP
24,2,0.00183433,True,55,114,779,63,TT2,j60,LBMAX_DP
24,3,0.00202449,True,67,181,1051,63,TT2,j60,LBMAX_DP
24,4,0.0213067,True,78,1251,11627,63,TT2,j60,LBMAX_DP
24,5,0.00136128,True,76,80,594,63,TT2,j60,LBMAX_DP
24,6,0.00116093,True,75,65,504,63,TT2,j60,LBMAX_DP
24,7,0.00342862,True,68,399,1907,63,TT2,j60,LBMAX_DP
24,8,0.0248194,True,81,1615,13486,63,TT2,j60,LBMAX_DP
24,9,23.0911,True,80,1640577,13439699,63,TT2,j60,LBMAX_DP
24,10,0.0055333,True,66,331,2599,63,TT2,j60,LBMAX_DP
25,1,300,False,0,18570599,152474156,0,TT2,j60,LBMAX_DP
25,2,300,False,0,14972159,133520515,0,TT2,j60,LBMAX_DP
25,3,300,False,0,16711653,144540341,0,TT2,j60,LBMAX_DP
25,4,300,False,0,17184710,145555782,0,TT2,j60,LBMAX_DP
25,5,300,False,0,20222872,163534517,0,TT2,j60,LBMAX_DP
25,6,300,False,0,17490773,140124005,0,TT2,j60,LBMAX_DP
25,7,300,False,0,18080657,149141173,0,TT2,j60,LBMAX_DP
25,8,300,False,0,14777246,130376026,0,TT2,j60,LBMAX_DP
25,9,300,False,0,20154968,157846925,0,TT2,j60,LBMAX_DP
25,10,300,False,0,17236634,138419229,0,TT2,j60,LBMAX_DP
26,1,3.32713,True,80,379291,2023616,63,TT2,j60,LBMAX_DP
26,2,300,False,0,18852863,162073451,0,TT2,j60,LBMAX_DP
26,3,300,False,0,15631262,136162145,0,TT2,j60,LBMAX_DP
26,4,300,False,0,17253017,139185413,0,TT2,j60,LBMAX_DP
26,5,300,False,0,16458587,149590201,0,TT2,j60,LBMAX_DP
26,6,300,False,0,13825709,145623615,0,TT2,j60,LBMAX_DP
26,7,300,False,0,16987325,151559344,0,TT2,j60,LBMAX_DP
26,8,300,False,0,18920897,147774372,0,TT2,j60,LBMAX_DP
26,9,300,False,0,10103697,119629090,0,TT2,j60,LBMAX_DP
26,10,91.6696,True,85,6644053,47294717,63,TT2,j60,LBMAX_DP
27,1,194.076,True,96,12088627,98756519,63,TT2,j60,LBMAX_DP
27,2,81.1935,True,74,4744114,38935966,63,TT2,j60,LBMAX_DP
27,3,300,False,0,12259394,146363195,0,TT2,j60,LBMAX_DP
27,4,300,False,0,18472480,159032237,0,TT2,j60,LBMAX_DP
27,5,300,False,0,22090291,148265247,0,TT2,j60,LBMAX_DP
27,6,11.2073,True,64,651212,5402722,63,TT2,j60,LBMAX_DP
27,7,1.41278,True,83,85732,771859,63,TT2,j60,LBMAX_DP
27,8,0.193452,True,88,13728,99621,63,TT2,j60,LBMAX_DP
27,9,4.7949,True,76,216813,2087591,63,TT2,j60,LBMAX_DP
27,10,300,False,0,12943693,148686833,0,TT2,j60,LBMAX_DP
28,1,0.0020447,True,92,140,862,63,TT2,j60,LBMAX_DP
28,2,0.00141422,True,64,71,533,63,TT2,j60,LBMAX_DP
28,3,0.00164413,True,72,82,681,63,TT2,j60,LBMAX_DP
28,4,0.00182119,True,84,98,749,63,TT2,j60,LBMAX_DP
28,5,0.00117911,True,71,63,484,63,TT2,j60,LBMAX_DP
28,6,0.00173367,True,89,92,688,63,TT2,j60,LBMAX_DP
28,7,0.00104462,True,75,63,429,63,TT2,j60,LBMAX_DP
28,8,1.97849,True,62,157763,1227152,63,TT2,j60,LBMAX_DP
28,9,0.00182577,True,74,91,763,63,TT2,j60,LBMAX_DP
28,10,0.00122776,True,74,63,488,63,TT2,j60,LBMAX_DP
29,1,300,False,0,15547187,134280258,0,TT2,j60,LBMAX_DP
29,2,300,False,0,18079917,138729200,0,TT2,j60,LBMAX_DP
29,3,300,False,0,13621747,131401141,0,TT2,j60,LBMAX_DP
29,4,300,False,0,16025132,140143918,0,TT2,j60,LBMAX_DP
29,5,300,False,0,16841981,140986587,0,TT2,j60,LBMAX_DP
29,6,300,False,0,16231621,131484107,0,TT2,j60,LBMAX_DP
29,7,300,False,0,18830543,138553978,0,TT2,j60,LBMAX_DP
29,8,300,False,0,11986163,123387622,0,TT2,j60,LBMAX_DP
29,9,300,False,0,17059186,142174590,0,TT2,j60,LBMAX_DP
29,10,300,False,0,12709736,119791253,0,TT2,j60,LBMAX_DP
30,1,171.568,True,70,8651460,79907329,63,TT2,j60,LBMAX_DP
30,2,300,False,0,13237736,119305365,0,TT2,j60,LBMAX_DP
30,3,300,False,0,13287486,137930421,0,TT2,j60,LBMAX_DP
30,4,1.46529,True,76,155094,875488,63,TT2,j60,LBMAX_DP
30,5,300,False,0,14159501,137236777,0,TT2,j60,LBMAX_DP
30,6,1.07309,True,68,66891,540360,63,TT2,j60,LBMAX_DP
30,7,300,False,0,13825184,132628967,0,TT2,j60,LBMAX_DP
30,8,58.4302,True,63,3954874,27478174,63,TT2,j60,LBMAX_DP
30,9,300,False,0,14346465,124415995,0,TT2,j60,LBMAX_DP
30,10,307.899,False,0,13306966,131279817,0,TT2,j60,LBMAX_DP
31,1,0.00283802,True,65,184,1186,63,TT2,j60,LBMAX_DP
31,2,0.719243,True,74,32827,234536,63,TT2,j60,LBMAX_DP
31,3,0.00423633,True,66,197,1766,63,TT2,j60,LBMAX_DP
31,4,300,False,0,13335732,125750182,0,TT2,j60,LBMAX_DP
31,5,0.00677291,True,72,344,2838,63,TT2,j60,LBMAX_DP
31,6,300,False,0,17223634,148463248,0,TT2,j60,LBMAX_DP
31,7,0.0635667,True,76,5318,32821,63,TT2,j60,LBMAX_DP
31,8,23.5663,True,75,1208956,10495575,63,TT2,j60,LBMAX_DP
31,9,0.0670027,True,86,4958,32437,63,TT2,j60,LBMAX_DP
31,10,0.00846879,True,56,424,3622,63,TT2,j60,LBMAX_DP
32,1,0.00142281,True,69,71,582,63,TT2,j60,LBMAX_DP
32,2,0.00107936,True,114,65,474,63,TT2,j60,LBMAX_DP
32,3,0.0011086,True,85,65,434,63,TT2,j60,LBMAX_DP
32,4,0.00112502,True,56,63,446,63,TT2,j60,LBMAX_DP
32,5,0.00169052,True,77,95,668,63,TT2,j60,LBMAX_DP
32,6,0.00302695,True,93,164,1273,63,TT2,j60,LBMAX_DP
32,7,0.00371769,True,76,193,1573,63,TT2,j60,LBMAX_DP
32,8,0.00126676,True,76,67,567,63,TT2,j60,LBMAX_DP
32,9,8.82085,True,74,541443,4512476,63,TT2,j60,LBMAX_DP
32,10,6.84207,True,77,481615,3491149,63,TT2,j60,LBMAX_DP
33,1,300,False,0,31171955,214166263,0,TT2,j60,LBMAX_DP
33,2,0.140268,True,100,14872,108247,63,TT2,j60,LBMAX_DP
33,3,300,False,0,27169166,200513442,0,TT2,j60,LBMAX_DP
33,4,29.2384,True,81,2501874,19494591,63,TT2,j60,LBMAX_DP
33,5,300,False,0,28923960,190620343,0,TT2,j60,LBMAX_DP
33,6,300,False,0,24297763,200738576,0,TT2,j60,LBMAX_DP
33,7,300,False,0,23831227,191808670,0,TT2,j60,LBMAX_DP
33,8,38.4451,True,79,3660995,26892214,63,TT2,j60,LBMAX_DP
33,9,300,False,0,35444691,206990513,0,TT2,j60,LBMAX_DP
33,10,300,False,0,32385706,219466648,0,TT2,j60,LBMAX_DP
34,1,300,False,0,27955832,215934096,0,TT2,j60,LBMAX_DP
34,2,300,False,0,27091863,209520951,0,TT2,j60,LBMAX_DP
34,3,211.514,True,61,19623476,149443140,63,TT2,j60,LBMAX_DP
34,4,4.67286,True,83,564234,3819432,63,TT2,j60,LBMAX_DP
34,5,0.0183067,True,80,2651,14717,63,TT2,j60,LBMAX_DP
34,6,300,False,0,32070510,205033052,0,TT2,j60,LBMAX_DP
34,7,300,False,0,37468049,219284884,0,TT2,j60,LBMAX_DP
34,8,300.095,False,0,28170775,220526064,0,TT2,j60,LBMAX_DP
34,9,300,False,0,28641094,210215695,0,TT2,j60,LBMAX_DP
34,10,1.46135,True,92,185099,1090451,63,TT2,j60,LBMAX_DP
35,1,0.00086537,True,78,71,397,63,TT2,j60,LBMAX_DP
35,2,165.026,True,77,12058811,105245411,63,TT2,j60,LBMAX_DP
35,3,300,False,0,32008784,214177953,0,TT2,j60,LBMAX_DP
35,4,0.00685304,True,72,482,3471,63,TT2,j60,LBMAX_DP
35,5,256.504,True,76,24936688,169586249,63,TT2,j60,LBMAX_DP
35,6,0.723571,True,79,103320,553327,63,TT2,j60,LBMAX_DP
35,7,300,False,0,31480035,200942554,0,TT2,j60,LBMAX_DP
35,8,300,False,0,33758227,216268998,0,TT2,j60,LBMAX_DP
35,9,300,False,0,37059020,230366305,0,TT2,j60,LBMAX_DP
35,10,0.00100463,True,71,81,437,63,TT2,j60,LBMAX_DP
36,1,300.01,False,0,31999019,221621165,0,TT2,j60,LBMAX_DP
36,2,134.563,True,75,14849809,98659986,63,TT2,j60,LBMAX_DP
36,3,0.00080591,True,81,63,390,63,TT2,j60,LBMAX_DP
36,4,0.00200074,True,85,124,1019,63,TT2,j60,LBMAX_DP
36,5,0.58288,True,57,66754,455219,63,TT2,j60,LBMAX_DP
36,6,0.000899878,True,76,65,405,63,TT2,j60,LBMAX_DP
36,7,0.00090045,True,71,63,375,63,TT2,j60,LBMAX_DP
36,8,0.000984617,True,69,63,411,63,TT2,j60,LBMAX_DP
36,9,0.000769172,True,86,63,341,63,TT2,j60,LBMAX_DP
36,10,0.00107267,True,77,71,462,63,TT2,j60,LBMAX_DP
37,1,300,False,0,23356397,172902546,0,TT2,j60,LBMAX_DP
37,2,300,False,0,23028267,184721243,0,TT2,j60,LBMAX_DP
37,3,300,False,0,25690094,173385487,0,TT2,j60,LBMAX_DP
37,4,300,False,0,24210390,174074000,0,TT2,j60,LBMAX_DP
37,5,300,False,0,25246816,175146948,0,TT2,j60,LBMAX_DP
37,6,300,False,0,25101144,165959752,0,TT2,j60,LBMAX_DP
37,7,300,False,0,23825146,175257012,0,TT2,j60,LBMAX_DP
37,8,300,False,0,20522742,175727468,0,TT2,j60,LBMAX_DP
37,9,300,False,0,24140471,168705533,0,TT2,j60,LBMAX_DP
37,10,300,False,0,22484817,180811759,0,TT2,j60,LBMAX_DP
38,1,55.0317,True,73,4226029,31199040,63,TT2,j60,LBMAX_DP
38,2,300,False,0,21539572,176491675,0,TT2,j60,LBMAX_DP
38,3,300,False,0,23903039,159756412,0,TT2,j60,LBMAX_DP
38,4,122.614,True,58,8058791,60892500,63,TT2,j60,LBMAX_DP
38,5,5.93735,True,103,368937,2964727,63,TT2,j60,LBMAX_DP
38,6,300,False,0,21735493,148941840,0,TT2,j60,LBMAX_DP
38,7,156.592,True,74,10290057,85769063,63,TT2,j60,LBMAX_DP
38,8,57.2449,True,71,3749823,25344516,63,TT2,j60,LBMAX_DP
38,9,220.164,True,66,14453101,105729349,63,TT2,j60,LBMAX_DP
38,10,125.421,True,66,8921361,65981454,63,TT2,j60,LBMAX_DP
39,1,35.0239,True,80,2497233,18077255,63,TT2,j60,LBMAX_DP
39,2,0.221168,True,84,20260,148723,63,TT2,j60,LBMAX_DP
39,3,15.5021,True,83,1560121,8778511,63,TT2,j60,LBMAX_DP
39,4,0.00233674,True,92,194,1060,63,TT2,j60,LBMAX_DP
39,5,48.0227,True,73,3090072,25818030,63,TT2,j60,LBMAX_DP
39,6,300,False,0,19944379,157254317,0,TT2,j60,LBMAX_DP
39,7,0.13274,True,68,8716,66251,63,TT2,j60,LBMAX_DP
39,8,1.25564,True,77,99198,755231,63,TT2,j60,LBMAX_DP
39,9,0.00230534,True,72,168,997,63,TT2,j60,LBMAX_DP
39,10,0.0531797,True,74,4093,30352,63,TT2,j60,LBMAX_DP
40,1,0.00119272,True,86,79,488,63,TT2,j60,LBMAX_DP
40,2,0.00134208,True,81,79,512,63,TT2,j60,LBMAX_DP
40,3,0.00106921,True,70,67,417,63,TT2,j60,LBMAX_DP
40,4,0.00225614,True,87,142,998,63,TT2,j60,LBMAX_DP
40,5,0.0010717,True,83,71,456,63,TT2,j60,LBMAX_DP
40,6,0.00115921,True,69,82,467,63,TT2,j60,LBMAX_DP
40,7,0.29933,True,68,19069,153550,63,TT2,j60,LBMAX_DP
40,8,0.00141175,True,80,95,571,63,TT2,j60,LBMAX_DP
40,9,0.00147494,True,90,98,627,63,TT2,j60,LBMAX_DP
40,10,0.00889053,True,73,604,4232,63,TT2,j60,LBMAX_DP
41,1,300,False,0,20721648,147716083,0,TT2,j60,LBMAX_DP
41,2,300,False,0,19367761,140046466,0,TT2,j60,LBMAX_DP
41,3,300,False,0,18867952,134580343,0,TT2,j60,LBMAX_DP
41,4,300,False,0,25539065,153493129,0,TT2,j60,LBMAX_DP
41,5,300,False,0,19301632,150992729,0,TT2,j60,LBMAX_DP
41,6,300,False,0,22154102,149282184,0,TT2,j60,LBMAX_DP
41,7,300,False,0,22579567,149044464,0,TT2,j60,LBMAX_DP
41,8,300,False,0,21710275,156731551,0,TT2,j60,LBMAX_DP
41,9,300,False,0,20042657,147436818,0,TT2,j60,LBMAX_DP
41,10,300,False,0,18499510,129486664,0,TT2,j60,LBMAX_DP
42,1,90.0017,True,83,6428937,43666801,63,TT2,j60,LBMAX_DP
42,2,91.4345,True,68,6020032,45681991,63,TT2,j60,LBMAX_DP
42,3,300,False,0,21485956,158326032,0,TT2,j60,LBMAX_DP
42,4,300.001,False,0,25308084,160124563,0,TT2,j60,LBMAX_DP
42,5,300,False,0,22769818,160525638,0,TT2,j60,LBMAX_DP
42,6,0.312288,True,82,30198,179054,63,TT2,j60,LBMAX_DP
42,7,300,False,0,18451670,147060314,0,TT2,j60,LBMAX_DP
42,8,300,False,0,19975319,145061821,0,TT2,j60,LBMAX_DP
42,9,52.7317,True,71,3965489,28618813,63,TT2,j60,LBMAX_DP
42,10,300,False,0,15316167,140519557,0,TT2,j60,LBMAX_DP
43,1,0.00189133,True,108,110,755,63,TT2,j60,LBMAX_DP
43,2,300,False,0,20772891,149973805,0,TT2,j60,LBMAX_DP
43,3,1.63656,True,74,113977,686265,63,TT2,j60,LBMAX_DP
43,4,1.59407,True,75,99235,847153,63,TT2,j60,LBMAX_DP
43,5,0.0407205,True,64,2004,17626,63,TT2,j60,LBMAX_DP
43,6,0.114503,True,84,10472,63375,63,TT2,j60,LBMAX_DP
43,7,32.8454,True,89,2167925,16519168,63,TT2,j60,LBMAX_DP
43,8,2.56166,True,69,127515,1216373,63,TT2,j60,LBMAX_DP
43,9,1.41729,True,70,111209,803179,63,TT2,j60,LBMAX_DP
43,10,0.39267,True,78,33365,207840,63,TT2,j60,LBMAX_DP
44,1,0.00101178,True,84,65,424,63,TT2,j60,LBMAX_DP
44,2,0.00111843,True,68,68,421,63,TT2,j60,LBMAX_DP
44,3,0.00131082,True,87,77,524,63,TT2,j60,LBMAX_DP
44,4,0.00287142,True,77,148,1194,63,TT2,j60,LBMAX_DP
44,5,0.00773996,True,74,608,3880,63,TT2,j60,LBMAX_DP
44,6,0.00107216,True,81,64,443,63,TT2,j60,LBMAX_DP
44,7,0.00133207,True,76,78,515,63,TT2,j60,LBMAX_DP
44,8,0.00143059,True,83,81,581,63,TT2,j60,LBMAX_DP
44,9,0.00139529,True,65,73,528,63,TT2,j60,LBMAX_DP
44,10,0.643367,True,65,58936,397570,63,TT2,j60,LBMAX_DP
45,1,300,False,0,17324228,129354634,0,TT2,j60,LBMAX_DP
45,2,300,False,0,19738061,140662271,0,TT2,j60,LBMAX_DP
45,3,300.365,False,0,19087461,137625206,0,TT2,j60,LBMAX_DP
45,4,300,False,0,19430954,139662060,0,TT2,j60,LBMAX_DP
45,5,300,False,0,16000356,126601111,0,TT2,j60,LBMAX_DP
45,6,300,False,0,19906451,129558382,0,TT2,j60,LBMAX_DP
45,7,300,False,0,19636817,138361517,0,TT2,j60,LBMAX_DP
45,8,300,False,0,18312899,134226057,0,TT2,j60,LBMAX_DP
45,9,300,False,0,16744060,134611817,0,TT2,j60,LBMAX_DP
45,10,300,False,0,19340715,131845763,0,TT2,j60,LBMAX_DP
46,1,80.5329,True,79,5006796,35110261,63,TT2,j60,LBMAX_DP
46,2,300,False,0,14790253,134746093,0,TT2,j60,LBMAX_DP
46,3,300,False,0,16488496,140244326,0,TT2,j60,LBMAX_DP
46,4,300,False,0,15722131,130294763,0,TT2,j60,LBMAX_DP
46,5,300,False,0,17923649,141623337,0,TT2,j60,LBMAX_DP
46,6,300,False,0,20191909,138731659,0,TT2,j60,LBMAX_DP
46,7,300,False,0,20096913,142595503,0,TT2,j60,LBMAX_DP
46,8,300,False,0,17681890,139320252,0,TT2,j60,LBMAX_DP
46,9,300,False,0,16832859,128630136,0,TT2,j60,LBMAX_DP
46,10,300,False,0,21531382,135162576,0,TT2,j60,LBMAX_DP
47,1,0.00228261,True,75,183,1014,63,TT2,j60,LBMAX_DP
47,2,6.20212,True,66,423268,3284042,63,TT2,j60,LBMAX_DP
47,3,0.186077,True,69,14167,98311,63,TT2,j60,LBMAX_DP
47,4,300,False,0,17282596,139562746,0,TT2,j60,LBMAX_DP
47,5,0.102921,True,87,9028,58580,63,TT2,j60,LBMAX_DP
47,6,20.6267,True,76,1335409,9672425,63,TT2,j60,LBMAX_DP
47,7,0.0880219,True,68,5998,42147,63,TT2,j60,LBMAX_DP
47,8,7.74937,True,71,542784,3836430,63,TT2,j60,LBMAX_DP
47,9,0.155386,True,76,12316,78911,63,TT2,j60,LBMAX_DP
47,10,5.82195,True,66,448479,2983335,63,TT2,j60,LBMAX_DP
48,1,0.00100181,True,71,63,437,63,TT2,j60,LBMAX_DP
48,2,0.000982383,True,87,65,414,63,TT2,j60,LBMAX_DP
48,3,0.00126605,True,84,73,509,63,TT2,j60,LBMAX_DP
48,4,0.33739,True,62,27791,184114,63,TT2,j60,LBMAX_DP
48,5,0.00125466,True,101,80,529,63,TT2,j60,LBMAX_DP
48,6,0.00159763,True,66,112,704,63,TT2,j60,LBMAX_DP
48,7,0.00109815,True,77,68,445,63,TT2,j60,LBMAX_DP
48,8,0.015181,True,88,1744,8599,63,TT2,j60,LBMAX_DP
48,9,0.00104524,True,82,67,416,63,TT2,j60,LBMAX_DP
48,10,0.039462,True,70,4448,25145,63,TT2,j60,LBMAX_DP
