group,exam,time,finished,makespan,expand_number,generated_number,depth,PetriType,SetType,Heuristic,dominance_pruned,dominance_pop_pruned,ub_pruned,dr4_pruned
1,1,7.5624,True,77,964170,3657301,63,TT2,j60,LBMAX_DP,1014856,1057,0,2804604
1,2,300,False,0,27960935,126888657,0,TT2,j60,LBMAX_DP,56389655,4539928,0,135053613
1,3,20.8824,True,68,1524962,9715925,63,TT2,j60,LBMAX_DP,3001087,31,0,4391841
1,4,300,False,0,26092793,112440557,0,TT2,j60,LBMAX_DP,62938148,4420494,0,93244107
1,5,300,False,0,26017815,128519489,0,TT2,j60,LBMAX_DP,50458385,649093,0,119704418
1,6,300,False,0,24839748,114861522,0,TT2,j60,LBMAX_DP,44224777,5160305,0,130037412
1,7,300,False,0,29911582,118662523,0,TT2,j60,LBMAX_DP,56977821,9212173,0,135546781
1,8,52.5778,True,75,5760593,22391842,63,TT2,j60,LBMAX_DP,9561224,1580340,0,18376019
1,9,300,False,0,29272771,140728628,0,TT2,j60,LBMAX_DP,62617548,15844,0,137554762
1,10,300,False,0,26849843,157111357,0,TT2,j60,LBMAX_DP,90581680,2954,0,82703224
2,1,0.00882552,True,65,1701,5538,63,TT2,j60,LBMAX_DP,1129,0,0,4824
2,2,0.00440042,True,82,407,2232,63,TT2,j60,LBMAX_DP,274,0,0,1805
2,3,300,False,0,17931034,112448762,0,TT2,j60,LBMAX_DP,35258633,0,0,90431740
2,4,0.00075009,True,78,77,326,63,TT2,j60,LBMAX_DP,0,0,0,220
2,5,300,False,0,22823742,137195859,0,TT2,j60,LBMAX_DP,61255384,2666,0,106009330
2,6,300,False,0,24609478,127353970,0,TT2,j60,LBMAX_DP,59372569,1649,0,130165553
2,7,300,False,0,23886790,130218774,0,TT2,j60,LBMAX_DP,40279280,0,0,142886594
2,8,0.00190486,True,66,168,900,63,TT2,j60,LBMAX_DP,44,0,0,451
2,9,0.00074557,True,65,71,296,63,TT2,j60,LBMAX_DP,0,0,0,316
2,10,21.0807,True,69,1885517,9931412,63,TT2,j60,LBMAX_DP,3889032,228349,0,7859771
3,1,0.00101166,True,60,98,421,63,TT2,j60,LBMAX_DP,20,0,0,291
3,2,0.00127911,True,69,185,680,63,TT2,j60,LBMAX_DP,122,0,0,1115
3,3,300,False,0,29769484,159249898,0,TT2,j60,LBMAX_DP,94261590,6257,0,59541562
3,4,0.000730362,True,81,63,284,63,TT2,j60,LBMAX_DP,0,0,0,134
3,5,0.000756437,True,83,63,326,63,TT2,j60,LBMAX_DP,0,0,0,140
3,6,0.298285,True,57,22856,147012,63,TT2,j60,LBMAX_DP,35212,0,0,65749
3,7,300,False,0,27515511,145623748,0,TT2,j60,LBMAX_DP,84182839,318,0,89207261
3,8,300,False,0,24721330,138816890,0,TT2,j60,LBMAX_DP,54554297,14,0,107869565
3,9,300,False,0,26785578,144770632,0,TT2,j60,LBMAX_DP,82985111,367,0,76734838
3,10,25.5319,True,69,2636200,12412680,63,TT2,j60,LBMAX_DP,5064325,433607,0,8496884
4,1,0.000570507,True,84,63,217,63,TT2,j60,LBMAX_DP,0,0,0,270
4,2,0.000767609,True,60,63,354,63,TT2,j60,LBMAX_DP,0,0,0,187
4,3,0.00077069,True,58,63,355,63,TT2,j60,LBMAX_DP,0,0,0,250
4,4,0.00237673,True,65,316,1329,63,TT2,j60,LBMAX_DP,203,0,0,832
4,5,0.000627934,True,75,63,267,63,TT2,j60,LBMAX_DP,0,0,0,205
4,6,0.000712423,True,71,65,321,63,TT2,j60,LBMAX_DP,0,0,0,251
4,7,0.000635805,True,67,63,270,63,TT2,j60,LBMAX_DP,0,0,0,219
4,8,0.000684355,True,65,63,291,63,TT2,j60,LBMAX_DP,0,0,0,197
4,9,0.000964533,True,75,87,461,63,TT2,j60,LBMAX_DP,0,0,0,252
4,10,0.00049461,True,77,64,209,63,TT2,j60,LBMAX_DP,0,0,0,179
5,1,300,False,0,17525299,86716336,0,TT2,j60,LBMAX_DP,35249536,2387438,0,78906908
5,2,300,False,0,13874589,61380898,0,TT2,j60,LBMAX_DP,27725959,1431980,0,45459974
5,3,300,False,0,16336834,79990268,0,TT2,j60,LBMAX_DP,36869315,1447092,0,71346745
5,4,300,False,0,14667353,71872661,0,TT2,j60,LBMAX_DP,26765949,1762766,0,60430317
5,5,300,False,0,17183095,63618120,0,TT2,j60,LBMAX_DP,31724962,2134791,0,45677200
5,6,300,False,0,10746562,51094569,0,TT2,j60,LBMAX_DP,15122239,1626399,0,62766367
5,7,300.003,False,0,16112136,80999489,0,TT2,j60,LBMAX_DP,28711764,1339188,0,70382427
5,8,300,False,0,17137606,88809445,0,TT2,j60,LBMAX_DP,33478108,2190941,0,83848636
5,9,300,False,0,17772267,96460215,0,TT2,j60,LBMAX_DP,28688686,73600,0,83414805
5,10,300,False,0,16377762,81618916,0,TT2,j60,LBMAX_DP,28493079,25585,0,71513473
6,1,300,False,0,13225676,67231240,0,TT2,j60,LBMAX_DP,25096079,1646,0,44865155
6,2,300,False,0,18180535,107464687,0,TT2,j60,LBMAX_DP,47090924,545,0,70993238
6,3,300,False,0,16228956,95274968,0,TT2,j60,LBMAX_DP,35362549,3873,0,48238658
6,4,300,False,0,9917889,72312956,0,TT2,j60,LBMAX_DP,23000472,10517,0,32929315
6,5,0.139369,True,78,13126,66356,63,TT2,j60,LBMAX_DP,17216,0,0,29590
6,6,301.043,False,0,9767251,78053203,0,TT2,j60,LBMAX_DP,18988412,0,0,61580720
6,7,300,False,0,5871740,39275976,0,TT2,j60,LBMAX_DP,11425982,0,0,22298068
6,8,0.00474016,True,72,443,1969,63,TT2,j60,LBMAX_DP,108,0,0,1643
6,9,26.1641,True,64,1090973,7949697,63,TT2,j60,LBMAX_DP,2526844,0,0,2993958
6,10,0.0389777,True,74,6313,21968,63,TT2,j60,LBMAX_DP,5586,0,0,15082
7,1,0.00119719,True,77,95,510,63,TT2,j60,LBMAX_DP,0,0,0,242
7,2,0.00106449,True,85,83,433,63,TT2,j60,LBMAX_DP,0,0,0,250
7,3,0.000750157,True,62,67,281,63,TT2,j60,LBMAX_DP,0,0,0,263
7,4,0.00122816,True,63,78,505,63,TT2,j60,LBMAX_DP,0,0,0,239
7,5,0.0566912,True,71,6493,29914,63,TT2,j60,LBMAX_DP,3117,0,0,29276
7,6,0.00101578,True,65,92,392,63,TT2,j60,LBMAX_DP,0,0,0,311
7,7,0.0071015,True,89,446,2855,63,TT2,j60,LBMAX_DP,82,0,0,2659
7,8,0.00113422,True,66,93,471,63,TT2,j60,LBMAX_DP,0,0,0,256
7,9,300,False,0,6223492,40950936,0,TT2,j60,LBMAX_DP,13268735,5,0,18942735
7,10,0.000727862,True,82,69,262,63,TT2,j60,LBMAX_DP,1,0,0,194
8,1,0.000827363,True,64,63,344,63,TT2,j60,LBMAX_DP,0,0,0,189
8,2,0.000898731,True,61,63,337,63,TT2,j60,LBMAX_DP,0,0,0,221
8,3,0.000585668,True,79,63,224,63,TT2,j60,LBMAX_DP,0,0,0,156
8,4,0.000856051,True,64,65,327,63,TT2,j60,LBMAX_DP,0,0,0,176
8,5,0.000730598,True,83,63,302,63,TT2,j60,LBMAX_DP,0,0,0,189
8,6,300,False,0,7332285,60047480,0,TT2,j60,LBMAX_DP,19034881,0,0,23991775
8,7,0.000825033,True,62,63,305,63,TT2,j60,LBMAX_DP,0,0,0,213
8,8,0.000997918,True,66,63,283,63,TT2,j60,LBMAX_DP,0,0,0,209
8,9,0.00201351,True,58,159,692,63,TT2,j60,LBMAX_DP,10,0,0,911
8,10,0.000887389,True,97,63,312,63,TT2,j60,LBMAX_DP,0,0,0,128
9,1,300,False,0,12107780,71888175,0,TT2,j60,LBMAX_DP,20014398,173996,0,43492653
9,2,300,False,0,13635102,77908277,0,TT2,j60,LBMAX_DP,28857612,1392157,0,52068325
9,3,300,False,0,10474402,57250626,0,TT2,j60,LBMAX_DP,19038251,387230,0,46976348
9,4,300,False,0,12682361,71868530,0,TT2,j60,LBMAX_DP,23870483,852577,0,66567750
9,5,300,False,0,9321530,65292351,0,TT2,j60,LBMAX_DP,19222737,127851,0,25682993
9,6,300,False,0,10011591,61730035,0,TT2,j60,LBMAX_DP,20306275,801647,0,31837603
9,7,300,False,0,10865280,63453331,0,TT2,j60,LBMAX_DP,18100217,313760,0,34736716
9,8,300,False,0,9038565,55206328,0,TT2,j60,LBMAX_DP,19149376,373102,0,37812436
9,9,304.551,False,0,7979428,53558277,0,TT2,j60,LBMAX_DP,18090338,370377,0,30233131
9,10,300,False,0,12230293,74780661,0,TT2,j60,LBMAX_DP,20376625,220818,0,55529527
10,1,0.00238022,True,85,155,940,63,TT2,j60,LBMAX_DP,0,0,0,456
10,2,0.0316969,True,62,1500,11921,63,TT2,j60,LBMAX_DP,866,0,0,5097
10,3,300.348,False,0,7825005,49282629,0,TT2,j60,LBMAX_DP,16328473,12507,0,15226969
10,4,300,False,0,6090050,38243714,0,TT2,j60,LBMAX_DP,12415623,3,0,11658553
10,5,0.00164554,True,79,110,589,63,TT2,j60,LBMAX_DP,2,0,0,367
10,6,0.0514871,True,67,3096,18990,63,TT2,j60,LBMAX_DP,1815,0,0,13729
10,7,300,False,0,7333437,47435862,0,TT2,j60,LBMAX_DP,11131731,0,0,26166274
10,8,300,False,0,12756458,79660990,0,TT2,j60,LBMAX_DP,27962649,162,0,50943293
10,9,300,False,0,4836165,40144003,0,TT2,j60,LBMAX_DP,6825740,28,0,16968069
10,10,0.00129133,True,73,94,492,63,TT2,j60,LBMAX_DP,3,0,0,243
11,1,0.00596981,True,71,253,2247,63,TT2,j60,LBMAX_DP,18,0,0,728
11,2,0.00093723,True,61,67,368,63,TT2,j60,LBMAX_DP,0,0,0,193
11,3,0.000679606,True,76,63,251,63,TT2,j60,LBMAX_DP,0,0,0,194
11,4,0.0020468,True,69,149,805,63,TT2,j60,LBMAX_DP,12,0,0,458
11,5,0.00204306,True,65,151,811,63,TT2,j60,LBMAX_DP,44,0,0,768
11,6,300,False,0,4925979,34848701,0,TT2,j60,LBMAX_DP,10183666,29,0,11500460
11,7,0.00173114,True,70,108,651,63,TT2,j60,LBMAX_DP,1,0,0,325
11,8,0.00287972,True,69,200,1202,63,TT2,j60,LBMAX_DP,139,0,0,389
11,9,0.00132796,True,62,87,471,63,TT2,j60,LBMAX_DP,0,0,0,304
11,10,0.000967337,True,58,69,365,63,TT2,j60,LBMAX_DP,0,0,0,237
12,1,0.000894292,True,59,63,371,63,TT2,j60,LBMAX_DP,0,0,0,197
12,2,0.00100369,True,58,73,390,63,TT2,j60,LBMAX_DP,0,0,0,226
12,3,0.000626973,True,75,65,215,63,TT2,j60,LBMAX_DP,0,0,0,241
12,4,0.000817469,True,69,63,300,63,TT2,j60,LBMAX_DP,0,0,0,187
12,5,0.000696124,True,63,63,247,63,TT2,j60,LBMAX_DP,0,0,0,235
12,6,0.00103545,True,54,75,375,63,TT2,j60,LBMAX_DP,0,0,0,280
12,7,0.000965964,True,71,63,383,63,TT2,j60,LBMAX_DP,0,0,0,139
12,8,0.000809512,True,60,71,310,63,TT2,j60,LBMAX_DP,0,0,0,234
12,9,0.00116384,True,59,74,438,63,TT2,j60,LBMAX_DP,0,0,0,234
12,10,0.000705322,True,79,63,280,63,TT2,j60,LBMAX_DP,0,0,0,181
13,1,300,False,0,10101445,58744121,0,TT2,j60,LBMAX_DP,16174283,225433,0,24532061
13,2,300,False,0,11820917,70229776,0,TT2,j60,LBMAX_DP,15982575,32797,0,38982729
13,3,300,False,0,7627416,70145391,0,TT2,j60,LBMAX_DP,10203016,844,0,22352205
13,4,300,False,0,6953472,56139381,0,TT2,j60,LBMAX_DP,10995600,24007,0,22167956
13,5,300,False,0,8495935,73075015,0,TT2,j60,LBMAX_DP,11203927,943,0,21169080
13,6,300,False,0,10609824,74205409,0,TT2,j60,LBMAX_DP,14875022,14148,0,30612551
13,7,300.235,False,0,7030704,52942376,0,TT2,j60,LBMAX_DP,9667393,39859,0,16132250
13,8,300,False,0,11596100,73907795,0,TT2,j60,LBMAX_DP,19378581,392574,0,32020529
13,9,300,False,0,8740690,58898499,0,TT2,j60,LBMAX_DP,12136643,36156,0,19078008
13,10,300,False,0,8295893,56322063,0,TT2,j60,LBMAX_DP,15196719,27572,0,17766232
14,1,300,False,0,5361732,39816321,0,TT2,j60,LBMAX_DP,6020270,0,0,23342751
14,2,300,False,0,2922116,20911132,0,TT2,j60,LBMAX_DP,4632644,1352,0,7460268
14,3,303.93,False,0,6257496,48252394,0,TT2,j60,LBMAX_DP,9994673,0,0,20522177
14,4,300,False,0,4226458,25460614,0,TT2,j60,LBMAX_DP,6970560,453,0,15782567
14,5,300,False,0,7859717,48453467,0,TT2,j60,LBMAX_DP,12777148,962,0,17165844
14,6,300,False,0,3863190,21314470,0,TT2,j60,LBMAX_DP,7115481,202,0,6566058
14,7,20.5858,True,69,759426,5018775,63,TT2,j60,LBMAX_DP,1112638,3,0,1123222
14,8,0.00080621,True,88,63,291,63,TT2,j60,LBMAX_DP,0,0,0,185
14,9,300,False,0,4575788,33506308,0,TT2,j60,LBMAX_DP,10069600,5,0,9853435
14,10,300,False,0,5380626,35238528,0,TT2,j60,LBMAX_DP,8698646,6218,0,12928799
15,1,0.000650027,True,84,63,245,63,TT2,j60,LBMAX_DP,0,0,0,157
15,2,0.000808511,True,89,66,279,63,TT2,j60,LBMAX_DP,0,0,0,191
15,3,0.00106537,True,72,74,432,63,TT2,j60,LBMAX_DP,0,0,0,255
15,4,0.00108157,True,75,83,402,63,TT2,j60,LBMAX_DP,0,0,0,263
15,5,0.00107898,True,70,75,394,63,TT2,j60,LBMAX_DP,0,0,0,214
15,6,0.00161701,True,76,108,609,63,TT2,j60,LBMAX_DP,0,0,0,321
15,7,300,False,0,2512568,17274760,0,TT2,j60,LBMAX_DP,3966480,0,0,6472817
15,8,0.00155081,True,79,109,622,63,TT2,j60,LBMAX_DP,0,0,0,188
15,9,0.000846374,True,72,64,322,63,TT2,j60,LBMAX_DP,0,0,0,181
15,10,0.00118689,True,61,77,454,63,TT2,j60,LBMAX_DP,0,0,0,189
16,1,0.177944,True,64,9654,53975,63,TT2,j60,LBMAX_DP,6609,0,0,20770
16,2,0.000772668,True,64,63,302,63,TT2,j60,LBMAX_DP,0,0,0,215
16,3,0.000785351,True,53,66,289,63,TT2,j60,LBMAX_DP,0,0,0,285
16,4,0.00069757,True,60,64,251,63,TT2,j60,LBMAX_DP,0,0,0,221
16,5,0.000937405,True,66,65,342,63,TT2,j60,LBMAX_DP,0,0,0,178
16,6,0.00101492,True,66,68,357,63,TT2,j60,LBMAX_DP,0,0,0,217
16,7,0.0005401,True,82,63,198,63,TT2,j60,LBMAX_DP,0,0,0,181
16,8,0.000894852,True,68,65,336,63,TT2,j60,LBMAX_DP,0,0,0,235
16,9,0.000796492,True,54,63,281,63,TT2,j60,LBMAX_DP,0,0,0,216
16,10,0.000698777,True,68,63,263,63,TT2,j60,LBMAX_DP,0,0,0,222
17,1,23.4416,True,86,2823927,11174949,63,TT2,j60,LBMAX_DP,5813954,286110,0,7433830
17,2,192.883,True,69,21449076,87754638,63,TT2,j60,LBMAX_DP,39961185,3566389,0,69029990
17,3,110.039,True,89,9682876,45116043,63,TT2,j60,LBMAX_DP,27042123,1389698,0,24617916
17,4,70.034,True,71,8526304,37761187,63,TT2,j60,LBMAX_DP,19408651,471066,0,27263746
17,5,31.6791,True,59,3412584,13592421,63,TT2,j60,LBMAX_DP,6665201,641923,0,9831737
17,6,11.027,True,69,1393328,5531210,63,TT2,j60,LBMAX_DP,2297694,138338,0,5517086
17,7,1.11584,True,83,134459,568416,63,TT2,j60,LBMAX_DP,160019,14559,0,429226
17,8,300,False,0,18291990,85680873,0,TT2,j60,LBMAX_DP,52550822,2379911,0,49775957
17,9,22.0698,True,76,2476174,11351821,63,TT2,j60,LBMAX_DP,5726249,15028,0,8855393
17,10,107.181,True,72,11450277,45681142,63,TT2,j60,LBMAX_DP,21483694,3303844,0,35425504
18,1,171.518,True,81,17963126,84229182,63,TT2,j60,LBMAX_DP,42877654,3079,0,52099224
18,2,0.12781,True,69,17792,70121,63,TT2,j60,LBMAX_DP,13670,0,0,46112
18,3,0.0181839,True,77,1720,9438,63,TT2,j60,LBMAX_DP,2376,0,0,4497
18,4,22.0185,True,71,2089871,11476918,63,TT2,j60,LBMAX_DP,4946387,3,0,9077095
18,5,0.0862054,True,80,13543,48452,63,TT2,j60,LBMAX_DP,12344,2,0,28843
18,6,8.77777,True,61,953149,4793044,63,TT2,j60,LBMAX_DP,1635976,0,0,3765885
18,7,109.878,True,93,13521832,48899555,63,TT2,j60,LBMAX_DP,22568647,1600117,0,45713726
18,8,0.278377,True,78,40559,162582,63,TT2,j60,LBMAX_DP,54443,0,0,75441
18,9,0.00432917,True,69,324,1897,63,TT2,j60,LBMAX_DP,78,0,0,739
18,10,0.0900971,True,97,13493,53352,63,TT2,j60,LBMAX_DP,13119,0,0,31192
19,1,0.250939,True,62,33427,141471,63,TT2,j60,LBMAX_DP,28288,0,0,131595
19,2,0.000691393,True,83,63,270,63,TT2,j60,LBMAX_DP,0,0,0,155
19,3,132.386,True,83,13106427,56647008,63,TT2,j60,LBMAX_DP,32463417,1192077,0,38931468
19,4,0.000756364,True,67,66,303,63,TT2,j60,LBMAX_DP,0,0,0,249
19,5,0.00073692,True,73,75,306,63,TT2,j60,LBMAX_DP,0,0,0,203
19,6,18.4316,True,69,2392337,9463449,63,TT2,j60,LBMAX_DP,3649461,405516,0,3777104
19,7,0.186521,True,60,22235,99403,63,TT2,j60,LBMAX_DP,29079,0,0,73596
19,8,174.617,True,87,21089857,96625563,63,TT2,j60,LBMAX_DP,51626840,1515922,0,59112551
19,9,0.335199,True,69,49217,185375,63,TT2,j60,LBMAX_DP,50709,5481,0,159117
19,10,0.000590746,True,78,63,222,63,TT2,j60,LBMAX_DP,0,0,0,164
20,1,0.000936682,True,60,84,381,63,TT2,j60,LBMAX_DP,0,0,0,203
20,2,0.000594144,True,78,64,231,63,TT2,j60,LBMAX_DP,0,0,0,151
20,3,0.140247,True,69,17953,81387,63,TT2,j60,LBMAX_DP,29833,0,0,60357
20,4,0.000762193,True,86,63,326,63,TT2,j60,LBMAX_DP,0,0,0,170
20,5,0.000652286,True,71,63,269,63,TT2,j60,LBMAX_DP,0,0,0,173
20,6,0.000827912,True,97,83,379,63,TT2,j60,LBMAX_DP,0,0,0,160
20,7,0.000575331,True,74,63,237,63,TT2,j60,LBMAX_DP,0,0,0,147
20,8,0.00065927,True,65,63,263,63,TT2,j60,LBMAX_DP,0,0,0,186
20,9,0.00263584,True,74,416,1509,63,TT2,j60,LBMAX_DP,210,0,0,497
20,10,0.000702837,True,70,63,289,63,TT2,j60,LBMAX_DP,0,0,0,194
21,1,5.58987,True,103,615959,2221128,63,TT2,j60,LBMAX_DP,994901,68789,0,1427727
21,2,67.9743,True,108,5502400,22507488,63,TT2,j60,LBMAX_DP,10398579,539818,0,13726466
21,3,300,False,0,19177445,80499965,0,TT2,j60,LBMAX_DP,41548760,1646118,0,71318400
21,4,92.3225,True,95,7840548,30230100,63,TT2,j60,LBMAX_DP,15176753,819322,0,23881750
21,5,300,False,0,20143512,86232623,0,TT2,j60,LBMAX_DP,40493885,3527838,0,66840883
21,6,31.4328,True,84,2481934,10776553,63,TT2,j60,LBMAX_DP,5661538,263029,0,6615552
21,7,38.1313,True,103,3632132,13601437,63,TT2,j60,LBMAX_DP,7502733,383342,0,10541600
21,8,37.0367,True,110,3625161,13938783,63,TT2,j60,LBMAX_DP,7288036,380922,0,9697487
21,9,300,False,0,16131559,77719720,0,TT2,j60,LBMAX_DP,33237075,1728014,0,68111943
21,10,133.271,True,80,10172319,36812517,63,TT2,j60,LBMAX_DP,17502023,1319471,0,28180935
22,1,2.00847,True,64,220887,893035,63,TT2,j60,LBMAX_DP,312482,59855,0,382504
22,2,0.00240655,True,83,166,938,63,TT2,j60,LBMAX_DP,2,0,0,446
22,3,9.21015,True,70,726537,3420241,63,TT2,j60,LBMAX_DP,957391,145,0,2077146
22,4,300,False,0,13325138,60096555,0,TT2,j60,LBMAX_DP,24368581,2673456,0,38331557
22,5,0.97238,True,76,117316,482960,63,TT2,j60,LBMAX_DP,167957,37,0,285723
22,6,20.8973,True,79,2176508,9859877,63,TT2,j60,LBMAX_DP,4993226,1972,0,5685617
22,7,300,False,0,13684936,76666736,0,TT2,j60,LBMAX_DP,22972880,2194,0,52321745
22,8,1.17897,True,59,93656,481863,63,TT2,j60,LBMAX_DP,116799,0,0,284309
22,9,0.0011347,True,65,89,425,63,TT2,j60,LBMAX_DP,0,0,0,348
22,10,231.856,True,70,14245042,73837206,63,TT2,j60,LBMAX_DP,29511750,11797,0,63950341
23,1,0.000855811,True,75,71,311,63,TT2,j60,LBMAX_DP,2,0,0,193
23,2,0.144344,True,69,16940,82588,63,TT2,j60,LBMAX_DP,23104,0,0,33005
23,3,0.00204588,True,78,168,866,63,TT2,j60,LBMAX_DP,50,0,0,276
23,4,0.000563706,True,83,65,205,63,TT2,j60,LBMAX_DP,0,0,0,127
23,5,0.00129617,True,72,88,480,63,TT2,j60,LBMAX_DP,0,0,0,219
23,6,0.000646051,True,81,63,253,63,TT2,j60,LBMAX_DP,0,0,0,150
23,7,3.28538,True,60,347591,1501189,63,TT2,j60,LBMAX_DP,418577,86,0,1001904
23,8,0.00074648,True,72,71,281,63,TT2,j60,LBMAX_DP,0,0,0,212
23,9,0.0030649,True,64,345,1528,63,TT2,j60,LBMAX_DP,156,0,0,1319
23,10,0.000974297,True,68,86,346,63,TT2,j60,LBMAX_DP,2,0,0,237
24,1,0.00075166,True,65,78,280,63,TT2,j60,LBMAX_DP,0,0,0,216
24,2,0.000826769,True,55,65,300,63,TT2,j60,LBMAX_DP,0,0,0,177
24,3,0.00493363,True,67,771,2329,63,TT2,j60,LBMAX_DP,235,0,0,1749
24,4,0.000799685,True,78,63,293,63,TT2,j60,LBMAX_DP,0,0,0,100
24,5,0.000777822,True,76,65,302,63,TT2,j60,LBMAX_DP,0,0,0,160
24,6,0.000754682,True,75,66,275,63,TT2,j60,LBMAX_DP,0,0,0,219
24,7,0.00154422,True,68,188,658,63,TT2,j60,LBMAX_DP,21,0,0,263
24,8,0.000645411,True,81,66,238,63,TT2,j60,LBMAX_DP,1,0,0,160
24,9,0.00306753,True,80,397,1523,63,TT2,j60,LBMAX_DP,120,0,0,1226
24,10,0.000874958,True,66,68,329,63,TT2,j60,LBMAX_DP,0,0,0,178
25,1,300,False,0,21415532,86713183,0,TT2,j60,LBMAX_DP,33092904,2004498,0,61542641
25,2,300,False,0,6938510,44738173,0,TT2,j60,LBMAX_DP,19521875,704032,0,13624019
25,3,300,False,0,14022609,70904384,0,TT2,j60,LBMAX_DP,32715252,1528610,0,33742833
25,4,300,False,0,14079535,76099260,0,TT2,j60,LBMAX_DP,29390096,1211286,0,39545625
25,5,300,False,0,21447445,90980803,0,TT2,j60,LBMAX_DP,42460295,2001225,0,62100178
25,6,300,False,0,13284687,62235844,0,TT2,j60,LBMAX_DP,25002992,1257788,0,32860311
25,7,300,False,0,17301773,82978925,0,TT2,j60,LBMAX_DP,35953348,1792105,0,33613763
25,8,300,False,0,13456991,71288905,0,TT2,j60,LBMAX_DP,23441208,1320754,0,34602912
25,9,300,False,0,21208774,87643895,0,TT2,j60,LBMAX_DP,44892129,2163116,0,56162204
25,10,300,False,0,10952502,59174807,0,TT2,j60,LBMAX_DP,23187367,1046506,0,20675349
26,1,0.00133876,True,80,108,511,63,TT2,j60,LBMAX_DP,0,0,0,299
26,2,5.18962,True,66,495744,1932491,63,TT2,j60,LBMAX_DP,607054,69172,0,1353808
26,3,300,False,0,15001322,74376132,0,TT2,j60,LBMAX_DP,28363373,31694,0,47998845
26,4,300,False,0,9922294,57284973,0,TT2,j60,LBMAX_DP,15647475,11975,0,24004898
26,5,7.87687,True,61,410189,2404159,63,TT2,j60,LBMAX_DP,450625,0,0,1110671
26,6,279.916,True,74,16189882,75036416,63,TT2,j60,LBMAX_DP,28228787,3648262,0,39997421
26,7,0.00122027,True,72,110,472,63,TT2,j60,LBMAX_DP,0,0,0,191
26,8,0.00676453,True,89,623,2948,63,TT2,j60,LBMAX_DP,202,0,0,754
26,9,300,False,0,6704933,52299978,0,TT2,j60,LBMAX_DP,15635089,0,0,14496207
26,10,2.81329,True,85,221932,1020685,63,TT2,j60,LBMAX_DP,222477,4,0,539303
27,1,0.00076865,True,96,67,275,63,TT2,j60,LBMAX_DP,0,0,0,136
27,2,0.0284805,True,74,3135,12003,63,TT2,j60,LBMAX_DP,2895,0,0,10283
27,3,0.0422453,True,76,4538,19381,63,TT2,j60,LBMAX_DP,4798,0,0,8854
27,4,0.0753769,True,60,8499,37335,63,TT2,j60,LBMAX_DP,7771,0,0,24784
27,5,0.00713793,True,78,618,3046,63,TT2,j60,LBMAX_DP,177,0,0,883
27,6,0.00185455,True,64,104,690,63,TT2,j60,LBMAX_DP,0,0,0,188
27,7,0.0012018,True,83,136,488,63,TT2,j60,LBMAX_DP,21,0,0,371
27,8,0.000639325,True,88,63,226,63,TT2,j60,LBMAX_DP,0,0,0,169
27,9,0.00129281,True,76,102,467,63,TT2,j60,LBMAX_DP,13,0,0,278
27,10,0.261275,True,57,18364,101262,63,TT2,j60,LBMAX_DP,25726,0,0,61589
28,1,0.000738065,True,92,63,264,63,TT2,j60,LBMAX_DP,0,0,0,133
28,2,0.00076372,True,64,66,269,63,TT2,j60,LBMAX_DP,0,0,0,232
28,3,0.000749994,True,72,65,274,63,TT2,j60,LBMAX_DP,0,0,0,114
28,4,0.000617716,True,84,63,221,63,TT2,j60,LBMAX_DP,0,0,0,170
28,5,0.000676838,True,71,63,238,63,TT2,j60,LBMAX_DP,0,0,0,226
28,6,0.000608879,True,89,63,207,63,TT2,j60,LBMAX_DP,0,0,0,148
28,7,0.000641532,True,75,63,228,63,TT2,j60,LBMAX_DP,0,0,0,198
28,8,0.00263617,True,62,275,1200,63,TT2,j60,LBMAX_DP,94,0,0,546
28,9,0.000731172,True,74,63,257,63,TT2,j60,LBMAX_DP,0,0,0,155
28,10,0.000964788,True,74,63,349,63,TT2,j60,LBMAX_DP,0,0,0,142
29,1,300,False,0,13511960,73809018,0,TT2,j60,LBMAX_DP,21823829,447655,0,34543126
29,2,300,False,0,16488244,85446079,0,TT2,j60,LBMAX_DP,29126408,1232888,0,35390393
29,3,300,False,0,11721016,76899635,0,TT2,j60,LBMAX_DP,21551166,425619,0,30284185
29,4,300,False,0,14547056,83687389,0,TT2,j60,LBMAX_DP,25546706,1046942,0,32237788
29,5,300,False,0,12745387,74138753,0,TT2,j60,LBMAX_DP,30816609,1083559,0,25139428
29,6,300,False,0,12579622,81087528,0,TT2,j60,LBMAX_DP,28023470,857785,0,16171701
29,7,300,False,0,15183582,75969978,0,TT2,j60,LBMAX_DP,27402129,886731,0,26258036
29,8,300,False,0,10571044,65706466,0,TT2,j60,LBMAX_DP,15865048,411682,0,36375170
29,9,300,False,0,13254044,71598002,0,TT2,j60,LBMAX_DP,25269512,1259290,0,29701085
29,10,300,False,0,10377216,73434144,0,TT2,j60,LBMAX_DP,18257447,283136,0,22676009
30,1,10.9799,True,70,505131,2669332,63,TT2,j60,LBMAX_DP,364642,83,0,1287543
30,2,300,False,0,3426008,21334256,0,TT2,j60,LBMAX_DP,4094933,1,0,9617012
30,3,289.679,True,82,7958115,38846903,63,TT2,j60,LBMAX_DP,11049079,2442799,0,15603595
30,4,0.000738852,True,76,63,244,63,TT2,j60,LBMAX_DP,0,0,0,214
30,5,300,False,0,7488487,43235290,0,TT2,j60,LBMAX_DP,11579380,1579,0,28658498
30,6,0.0063012,True,68,394,2457,63,TT2,j60,LBMAX_DP,8,0,0,1106
30,7,300,False,0,7261766,32573381,0,TT2,j60,LBMAX_DP,13421700,1341708,0,17901409
30,8,26.5732,True,63,754707,3920807,63,TT2,j60,LBMAX_DP,725889,360,0,1418340
30,9,300,False,0,7738507,43544892,0,TT2,j60,LBMAX_DP,9221812,57018,0,9837003
30,10,300,False,0,8023967,45174303,0,TT2,j60,LBMAX_DP,17487129,1460643,0,17009247
31,1,0.000812254,True,65,65,280,63,TT2,j60,LBMAX_DP,0,0,0,196
31,2,0.0280921,True,74,2139,10036,63,TT2,j60,LBMAX_DP,930,0,0,5321
31,3,0.000972043,True,66,72,340,63,TT2,j60,LBMAX_DP,0,0,0,182
31,4,4.90751,True,68,250992,1285592,63,TT2,j60,LBMAX_DP,190288,0,0,766474
31,5,0.000779534,True,72,66,276,63,TT2,j60,LBMAX_DP,0,0,0,198
31,6,0.000875483,True,72,70,297,63,TT2,j60,LBMAX_DP,0,0,0,230
31,7,14.7952,True,76,732253,3876340,63,TT2,j60,LBMAX_DP,936210,606,0,1227595
31,8,1.15823,True,75,78334,397741,63,TT2,j60,LBMAX_DP,48410,3,0,109041
31,9,0.00106444,True,86,77,374,63,TT2,j60,LBMAX_DP,0,0,0,182
31,10,0.00120176,True,56,88,403,63,TT2,j60,LBMAX_DP,0,0,0,275
32,1,0.000894801,True,69,65,341,63,TT2,j60,LBMAX_DP,0,0,0,172
32,2,0.000610735,True,114,63,220,63,TT2,j60,LBMAX_DP,0,0,0,110
32,3,0.000664644,True,85,63,232,63,TT2,j60,LBMAX_DP,0,0,0,145
32,4,0.000747089,True,56,63,260,63,TT2,j60,LBMAX_DP,0,0,0,199
32,5,0.00063486,True,77,63,218,63,TT2,j60,LBMAX_DP,0,0,0,160
32,6,0.00052985,True,93,63,178,63,TT2,j60,LBMAX_DP,0,0,0,126
32,7,0.00072214,True,76,64,257,63,TT2,j60,LBMAX_DP,0,0,0,146
32,8,0.000653503,True,76,63,231,63,TT2,j60,LBMAX_DP,0,0,0,212
32,9,0.00827838,True,74,685,3679,63,TT2,j60,LBMAX_DP,179,0,0,1718
32,10,0.000823813,True,77,74,278,63,TT2,j60,LBMAX_DP,0,0,0,193
33,1,0.213643,True,105,38214,119064,63,TT2,j60,LBMAX_DP,48583,3497,0,102979
33,2,0.000881901,True,100,82,361,63,TT2,j60,LBMAX_DP,0,0,0,180
33,3,2.57724,True,79,342940,1204704,63,TT2,j60,LBMAX_DP,398676,44120,0,846364
33,4,0.115021,True,81,17414,65469,63,TT2,j60,LBMAX_DP,14297,246,0,32587
33,5,2.77642,True,108,424646,1496226,63,TT2,j60,LBMAX_DP,662600,73851,0,647381
33,6,6.40927,True,75,913697,2787938,63,TT2,j60,LBMAX_DP,1116487,205927,0,2125295
33,7,6.88685,True,78,814442,3114264,63,TT2,j60,LBMAX_DP,1544698,126111,0,1947674
33,8,0.400309,True,79,60534,191195,63,TT2,j60,LBMAX_DP,49385,10508,0,155333
33,9,1.52148,True,108,232616,805678,63,TT2,j60,LBMAX_DP,291322,22936,0,469435
33,10,3.95625,True,84,535397,2082028,63,TT2,j60,LBMAX_DP,1155537,84687,0,1014622
34,1,1.32027,True,72,204318,675269,63,TT2,j60,LBMAX_DP,268997,42898,0,443986
34,2,6.47238,True,68,879803,3271940,63,TT2,j60,LBMAX_DP,1169426,173264,0,1952619
34,3,3.27724,True,61,399739,1666840,63,TT2,j60,LBMAX_DP,430868,318,0,1152685
34,4,0.000544638,True,83,75,205,63,TT2,j60,LBMAX_DP,3,0,0,172
34,5,0.00269821,True,80,293,1421,63,TT2,j60,LBMAX_DP,165,0,0,665
34,6,2.11855,True,81,332833,1001492,63,TT2,j60,LBMAX_DP,299886,68702,0,558330
34,7,9.87743,True,85,1499552,5294186,63,TT2,j60,LBMAX_DP,2162643,80808,0,2942996
34,8,3.95621,True,63,604830,2008679,63,TT2,j60,LBMAX_DP,725524,51420,0,2244344
34,9,0.083851,True,77,11779,44768,63,TT2,j60,LBMAX_DP,11448,0,0,35382
34,10,0.12055,True,92,12777,56386,63,TT2,j60,LBMAX_DP,10890,0,0,34332
35,1,0.00103521,True,78,80,287,63,TT2,j60,LBMAX_DP,0,0,0,151
35,2,7.19318,True,77,559612,3339386,63,TT2,j60,LBMAX_DP,1144433,0,0,1539970
35,3,1.0301,True,89,160828,566589,63,TT2,j60,LBMAX_DP,219293,15144,0,351635
35,4,0.0148286,True,72,1065,5596,63,TT2,j60,LBMAX_DP,821,0,0,2678
35,5,4.29072,True,76,466068,2204500,63,TT2,j60,LBMAX_DP,713416,560,0,951706
35,6,0.0665683,True,79,11115,40892,63,TT2,j60,LBMAX_DP,12825,0,0,32961
35,7,0.106524,True,73,15692,61500,63,TT2,j60,LBMAX_DP,18879,0,0,37382
35,8,64.5442,True,78,8537277,33163516,63,TT2,j60,LBMAX_DP,12347778,863922,0,19149500
35,9,5.15288,True,76,762901,3182851,63,TT2,j60,LBMAX_DP,1017965,30473,0,1633919
35,10,0.00073737,True,71,82,261,63,TT2,j60,LBMAX_DP,3,4,0,171
36,1,3.60082,True,61,502162,1975123,63,TT2,j60,LBMAX_DP,460204,185,0,1126924
36,2,0.0834513,True,75,13896,52974,63,TT2,j60,LBMAX_DP,18889,8,0,36425
36,3,0.000534669,True,81,63,199,63,TT2,j60,LBMAX_DP,0,0,0,141
36,4,0.000702305,True,85,71,284,63,TT2,j60,LBMAX_DP,0,0,0,178
36,5,0.000667731,True,57,71,265,63,TT2,j60,LBMAX_DP,0,0,0,153
36,6,0.000640339,True,76,64,244,63,TT2,j60,LBMAX_DP,0,0,0,155
36,7,0.00058233,True,71,63,234,63,TT2,j60,LBMAX_DP,0,0,0,146
36,8,0.000542967,True,69,63,214,63,TT2,j60,LBMAX_DP,0,0,0,179
36,9,0.000534992,True,86,63,219,63,TT2,j60,LBMAX_DP,0,0,0,89
36,10,0.00066297,True,77,79,272,63,TT2,j60,LBMAX_DP,4,0,0,208
37,1,33.97,True,97,3236432,11195498,63,TT2,j60,LBMAX_DP,5953178,315630,0,8321930
37,2,55.3297,True,95,4577625,16200405,63,TT2,j60,LBMAX_DP,8030829,637264,0,10687377
37,3,11.3317,True,139,1276149,4207578,63,TT2,j60,LBMAX_DP,2127812,111366,0,2961427
37,4,29.5221,True,101,2692218,10087886,63,TT2,j60,LBMAX_DP,5282822,294126,0,6067386
37,5,6.36665,True,98,744136,2479960,63,TT2,j60,LBMAX_DP,1154104,85263,0,1700892
37,6,188.271,True,102,13788827,49440238,63,TT2,j60,LBMAX_DP,26363414,1889206,0,28661504
37,7,41.3326,True,110,3708681,14350702,63,TT2,j60,LBMAX_DP,8123224,363056,0,8770867
37,8,106.124,True,93,8726970,32876049,63,TT2,j60,LBMAX_DP,15938253,1090762,0,25487552
37,9,6.19744,True,96,679365,2427400,63,TT2,j60,LBMAX_DP,959953,91464,0,1535207
37,10,27.4438,True,96,3070988,10590965,63,TT2,j60,LBMAX_DP,4715606,591588,0,6740716
38,1,0.272887,True,73,28147,134050,63,TT2,j60,LBMAX_DP,35946,0,0,73382
38,2,300,False,0,15429844,56222995,0,TT2,j60,LBMAX_DP,21905004,2627975,0,34142620
38,3,12.6946,True,77,1291067,5232104,63,TT2,j60,LBMAX_DP,1680488,993,0,2898645
38,4,4.41602,True,58,406025,1955354,63,TT2,j60,LBMAX_DP,631657,34,0,775520
38,5,0.000937142,True,103,81,352,63,TT2,j60,LBMAX_DP,2,0,0,129
38,6,0.59242,True,86,66280,273246,63,TT2,j60,LBMAX_DP,61125,54,0,125737
38,7,0.738999,True,74,68350,329962,63,TT2,j60,LBMAX_DP,65885,12,0,227964
38,8,0.383888,True,71,38433,161133,63,TT2,j60,LBMAX_DP,38665,3058,0,75248
38,9,12.8094,True,66,940914,4723029,63,TT2,j60,LBMAX_DP,1235000,1558,0,2047675
38,10,1.13412,True,66,138744,431036,63,TT2,j60,LBMAX_DP,133923,48879,0,231063
39,1,0.00224067,True,80,224,953,63,TT2,j60,LBMAX_DP,98,0,0,565
39,2,0.00100338,True,84,132,402,63,TT2,j60,LBMAX_DP,10,0,0,244
39,3,0.0054811,True,83,884,2932,63,TT2,j60,LBMAX_DP,183,0,0,1335
39,4,0.00242358,True,92,326,1026,63,TT2,j60,LBMAX_DP,138,0,0,743
39,5,4.76611,True,73,385207,1918365,63,TT2,j60,LBMAX_DP,448735,159,0,1245410
39,6,1.74712,True,84,189845,816948,63,TT2,j60,LBMAX_DP,270365,627,0,363094
39,7,0.00246858,True,68,209,937,63,TT2,j60,LBMAX_DP,34,0,0,536
39,8,0.000892632,True,77,101,314,63,TT2,j60,LBMAX_DP,1,0,0,286
39,9,0.0020267,True,72,231,874,63,TT2,j60,LBMAX_DP,9,0,0,380
39,10,0.000762427,True,74,72,270,63,TT2,j60,LBMAX_DP,0,0,0,167
40,1,0.000578856,True,86,63,231,63,TT2,j60,LBMAX_DP,0,0,0,123
40,2,0.000879743,True,81,80,331,63,TT2,j60,LBMAX_DP,1,0,0,173
40,3,0.000680542,True,70,64,233,63,TT2,j60,LBMAX_DP,0,0,0,142
40,4,0.000676409,True,87,75,252,63,TT2,j60,LBMAX_DP,0,0,0,220
40,5,0.000682878,True,83,65,241,63,TT2,j60,LBMAX_DP,0,0,0,123
40,6,0.000735575,True,69,81,260,63,TT2,j60,LBMAX_DP,1,0,0,188
40,7,0.000925894,True,68,74,342,63,TT2,j60,LBMAX_DP,0,0,0,168
40,8,0.0011322,True,80,113,430,63,TT2,j60,LBMAX_DP,3,0,0,267
40,9,0.000525446,True,90,63,201,63,TT2,j60,LBMAX_DP,0,0,0,117
40,10,0.000551197,True,73,63,205,63,TT2,j60,LBMAX_DP,0,0,0,141
41,1,67.1385,True,122,5150995,18702887,63,TT2,j60,LBMAX_DP,8906832,595227,0,10596853
41,2,199.349,True,113,14419531,57144721,63,TT2,j60,LBMAX_DP,31374972,1712905,0,29393410
41,3,300,False,0,14069858,59244317,0,TT2,j60,LBMAX_DP,28247450,2037152,0,21145569
41,4,8.2267,True,133,877555,2937380,63,TT2,j60,LBMAX_DP,1231289,102587,0,1463517
41,5,300,False,0,15165464,68645204,0,TT2,j60,LBMAX_DP,31420514,1977574,0,23679495
41,6,78.7705,True,134,6364159,21538869,63,TT2,j60,LBMAX_DP,10132925,1007050,0,10151172
41,7,110.263,True,132,6820402,26405946,63,TT2,j60,LBMAX_DP,13286818,1025418,0,9076957
41,8,61.9019,True,135,5638755,19121769,63,TT2,j60,LBMAX_DP,8787581,649780,0,12508186
41,9,191.115,True,131,12606622,46096366,63,TT2,j60,LBMAX_DP,22754322,1914205,0,19940151
41,10,300,False,0,7284474,34390807,0,TT2,j60,LBMAX_DP,13989898,704138,0,10427399
42,1,0.25754,True,83,22642,106991,63,TT2,j60,LBMAX_DP,12590,44,0,34099
42,2,7.60052,True,68,388811,1949375,63,TT2,j60,LBMAX_DP,387674,110,0,1008031
42,3,17.3878,True,78,1152031,4601592,63,TT2,j60,LBMAX_DP,1671796,122267,0,2606972
42,4,19.097,True,103,1873540,5804178,63,TT2,j60,LBMAX_DP,2097938,377802,0,3280148
42,5,0.17501,True,73,19026,72027,63,TT2,j60,LBMAX_DP,15218,1,0,40441
42,6,0.0579208,True,82,6759,24522,63,TT2,j60,LBMAX_DP,2957,2,0,13382
42,7,30.2144,True,59,1481972,5977790,63,TT2,j60,LBMAX_DP,2128420,185901,0,3757825
42,8,5.09785,True,82,491874,1660152,63,TT2,j60,LBMAX_DP,540281,106117,0,910595
42,9,0.180885,True,71,16112,69289,63,TT2,j60,LBMAX_DP,10862,910,0,34207
42,10,0.185733,True,87,19167,75845,63,TT2,j60,LBMAX_DP,12091,0,0,53221
43,1,0.00106013,True,108,88,381,63,TT2,j60,LBMAX_DP,0,0,0,178
43,2,1.41685,True,85,111276,504447,63,TT2,j60,LBMAX_DP,106675,202,0,149594
43,3,0.0345303,True,74,4086,14506,63,TT2,j60,LBMAX_DP,2246,0,0,7262
43,4,0.308659,True,75,19780,111708,63,TT2,j60,LBMAX_DP,13690,205,0,51173
43,5,0.00358609,True,64,277,1349,63,TT2,j60,LBMAX_DP,4,0,0,1065
43,6,0.000765313,True,84,72,269,63,TT2,j60,LBMAX_DP,0,0,0,151
43,7,0.00452172,True,89,426,1806,63,TT2,j60,LBMAX_DP,55,0,0,563
43,8,0.0063162,True,69,380,2263,63,TT2,j60,LBMAX_DP,161,0,0,964
43,9,0.00111207,True,70,105,403,63,TT2,j60,LBMAX_DP,0,0,0,273
43,10,0.000802106,True,78,78,266,63,TT2,j60,LBMAX_DP,0,0,0,265
44,1,0.000667408,True,84,63,246,63,TT2,j60,LBMAX_DP,0,0,0,134
44,2,0.000760282,True,68,64,264,63,TT2,j60,LBMAX_DP,0,0,0,139
44,3,0.000792792,True,87,65,267,63,TT2,j60,LBMAX_DP,0,0,0,145
44,4,0.000725561,True,77,63,257,63,TT2,j60,LBMAX_DP,0,0,0,139
44,5,0.000622075,True,74,65,211,63,TT2,j60,LBMAX_DP,0,0,0,125
44,6,0.000644852,True,81,63,233,63,TT2,j60,LBMAX_DP,0,0,0,150
44,7,0.000836141,True,76,69,286,63,TT2,j60,LBMAX_DP,0,0,0,160
44,8,0.000598133,True,83,63,217,63,TT2,j60,LBMAX_DP,0,0,0,146
44,9,0.000747767,True,65,68,255,63,TT2,j60,LBMAX_DP,0,0,0,215
44,10,0.000631211,True,65,63,216,63,TT2,j60,LBMAX_DP,0,0,0,183
45,1,300,False,0,11774908,62846096,0,TT2,j60,LBMAX_DP,26358987,1143142,0,16723767
45,2,300,False,0,16149459,75187965,0,TT2,j60,LBMAX_DP,32926264,1815143,0,24835283
45,3,300,False,0,14842023,75656906,0,TT2,j60,LBMAX_DP,29168949,1769127,0,21511492
45,4,300,False,0,17752262,77293012,0,TT2,j60,LBMAX_DP,32124026,2394165,0,29366373
45,5,300,False,0,10905288,58172807,0,TT2,j60,LBMAX_DP,21112246,639391,0,17816341
45,6,300,False,0,11633494,54553767,0,TT2,j60,LBMAX_DP,24394777,1519459,0,12258202
45,7,300,False,0,18570626,84414389,0,TT2,j60,LBMAX_DP,30706875,2071053,0,28220973
45,8,300,False,0,14327303,68650149,0,TT2,j60,LBMAX_DP,27885080,1873647,0,17028708
45,9,300,False,0,12664155,62748932,0,TT2,j60,LBMAX_DP,24869501,1596938,0,23449322
45,10,300,False,0,14609506,68691272,0,TT2,j60,LBMAX_DP,26768165,1586791,0,21960747
46,1,26.6739,True,79,1101168,5104595,63,TT2,j60,LBMAX_DP,727035,4922,0,2506821
46,2,114.742,True,78,3717329,21303072,63,TT2,j60,LBMAX_DP,5103197,10162,0,9962029
46,3,300,False,0,7542484,41052630,0,TT2,j60,LBMAX_DP,11198545,33232,0,14116027
46,4,300,False,0,7707804,28513529,0,TT2,j60,LBMAX_DP,8423895,2512156,0,13676951
46,5,300,False,0,6112560,29531934,0,TT2,j60,LBMAX_DP,11899675,512007,0,11382783
46,6,36.4151,True,90,2519634,9359006,63,TT2,j60,LBMAX_DP,2770679,494988,0,4026898
46,7,300,False,0,13526162,52513835,0,TT2,j60,LBMAX_DP,14291392,2815102,0,19109678
46,8,55.662,True,75,2738441,10232910,63,TT2,j60,LBMAX_DP,2856058,934918,0,3613736
46,9,300,False,0,3579289,19190895,0,TT2,j60,LBMAX_DP,6878651,179377,0,6352776
46,10,172.137,True,88,5748201,19496952,63,TT2,j60,LBMAX_DP,8398827,1287564,0,6511885
47,1,0.000809713,True,75,67,303,63,TT2,j60,LBMAX_DP,0,0,0,144
47,2,0.846257,True,66,60714,246018,63,TT2,j60,LBMAX_DP,47463,0,0,216545
47,3,0.00123994,True,69,124,446,63,TT2,j60,LBMAX_DP,15,0,0,203
47,4,0.0297167,True,76,2961,11596,63,TT2,j60,LBMAX_DP,900,0,0,8784
47,5,0.014071,True,87,1294,5875,63,TT2,j60,LBMAX_DP,320,0,0,1747
47,6,0.000871809,True,76,76,294,63,TT2,j60,LBMAX_DP,0,0,0,215
47,7,0.00152983,True,68,137,563,63,TT2,j60,LBMAX_DP,1,0,0,238
47,8,0.0816036,True,71,8466,33751,63,TT2,j60,LBMAX_DP,3770,0,0,20088
47,9,0.0036578,True,76,390,1573,63,TT2,j60,LBMAX_DP,95,0,0,520
47,10,1.62526,True,66,106240,468322,63,TT2,j60,LBMAX_DP,73195,2,0,251095
48,1,0.000967963,True,71,63,253,63,TT2,j60,LBMAX_DP,0,0,0,128
48,2,0.000937744,True,87,65,244,63,TT2,j60,LBMAX_DP,0,0,0,142
48,3,0.00107021,True,84,66,315,63,TT2,j60,LBMAX_DP,0,0,0,159
48,4,0.038193,True,62,3413,16160,63,TT2,j60,LBMAX_DP,3613,0,0,6350
48,5,0.000594593,True,101,64,196,63,TT2,j60,LBMAX_DP,0,0,0,127
48,6,0.000952585,True,66,85,340,63,TT2,j60,LBMAX_DP,3,0,0,156
48,7,0.000782892,True,77,64,269,63,TT2,j60,LBMAX_DP,0,0,0,123
48,8,0.000838679,True,88,71,303,63,TT2,j60,LBMAX_DP,0,0,0,146
48,9,0.000633568,True,82,63,229,63,TT2,j60,LBMAX_DP,0,0,0,136
48,10,0.000724068,True,70,66,260,63,TT2,j60,LBMAX_DP,0,0,0,163
